idCompra;idItemCompra;forma;modalidade;criterioJulgamento;numeroItemCompra;descricaoItem;codigoItemCatalogo;nomeUnidadeMedida;siglaUnidadeMedida;nomeUnidadeFornecimento;siglaUnidadeFornecimento;capacidadeUnidadeFornecimento;quantidade;precoUnitario;percentualMaiorDesconto;niFornecedor;nomeFornecedor;marca;codigoUasg;nomeUasg;codigoMunicipio;municipio;estado;codigoOrgao;nomeOrgao;poder;esfera;dataCompra;dataHoraAtualizacaoCompra;dataHoraAtualizacaoItem;dataResultado;dataHoraAtualizacaoUasg;codigoClasse;nomeClasse;;;
45016106007792026;10921822;SISPP;6;0;1;SERVIDOR, TIPO: RACK , PROCESSADORES FÍSICOS: 2 , NÚCLEOS POR PROCESSADOR: SUPERIOR A 20 , MEMÓRIA RAM: 512 GB, INTERFACE REDE LAN: 3 A 4 , INTERFACE REDE SAN: 2 , ARMAZENAMENTO SATA: SEM DISCOS SATA , ARMAZENAMENTO SAS: SEM DISCOS SAS , ARMAZENAMENTO SSD: COM DISCOS SSD , FONTE ALIMENTAÇÃO: REDUNDANTE (SWAP/HOT PLUG) , SISTEMA OPERACIONAL: OPEN SOURCE , GARANTIA ON SITE: SUPERIOR 48 MESES;628826;null;;UNIDADE;UN;0;1;7.281,00;0;13394365000190,00;NET SERVER COMERCIAL DE INFORMATICA LTDA;-;450161;ESP-UNIVERSIDADE ESTADUAL DE CAMPINAS;3509502;CAMPINAS;SP;95554;ESP-UNIV ESTADUAL DE CAMPINAS - UNICAMP;E;E;12/02/2026;2026-02-14T02:17:58.180169;2026-02-14T03:23:37.515899;13/02/2026;2024-01-19T16:58;7010;COMPUTADORES;;;
92978905900022026;10920835;SISPP;5;V;5;SERVIDOR, TIPO: RACK , PROCESSADORES FÍSICOS: 2 , NÚCLEOS POR PROCESSADOR: SUPERIOR A 20 , MEMÓRIA RAM: 512 GB, INTERFACE REDE LAN: 3 A 4 , INTERFACE REDE SAN: 2 , ARMAZENAMENTO SATA: SEM DISCOS SATA , ARMAZENAMENTO SAS: SEM DISCOS SAS , ARMAZENAMENTO SSD: COM DISCOS SSD , FONTE ALIMENTAÇÃO: REDUNDANTE (SWAP/HOT PLUG) , SISTEMA OPERACIONAL: OPEN SOURCE , GARANTIA ON SITE: SUPERIOR 48 MESES;628826;null;;UNIDADE;UN;0;1;3.908.000,00;0;03607073000134;SUPRISERVICE INFORMATICA LTDA;Lenovo;929789;EES-SECRETARIA EST.C.T.I.E.P.DESENV.ECONOMICO;3205309;VITÓRIA;ES;99476;EES-SECRETARIA EST.C.T.I.E.P.DESENV.ECONOMICO;E;E;13/02/2026;2026-02-14T01:10:08.229421;2026-02-14T03:02:41.774714;13/02/2026;2024-10-05T11:09;7010;COMPUTADORES;;;
92978905900022026;10920841;SISPP;5;V;11;SERVIDOR, TIPO: RACK , PROCESSADORES FÍSICOS: 2 , NÚCLEOS POR PROCESSADOR: SUPERIOR A 20 , MEMÓRIA RAM: 512 GB, INTERFACE REDE LAN: 3 A 4 , INTERFACE REDE SAN: 2 , ARMAZENAMENTO SATA: SEM DISCOS SATA , ARMAZENAMENTO SAS: SEM DISCOS SAS , ARMAZENAMENTO SSD: COM DISCOS SSD , FONTE ALIMENTAÇÃO: REDUNDANTE (SWAP/HOT PLUG) , SISTEMA OPERACIONAL: OPEN SOURCE , GARANTIA ON SITE: SUPERIOR 48 MESES;628826;null;;UNIDADE;UN;0;1;211.573,00;0;03607073000134;SUPRISERVICE INFORMATICA LTDA;Lenovo;929789;EES-SECRETARIA EST.C.T.I.E.P.DESENV.ECONOMICO;3205309;VITÓRIA;ES;99476;EES-SECRETARIA EST.C.T.I.E.P.DESENV.ECONOMICO;E;E;13/02/2026;2026-02-14T01:10:08.229421;2026-02-14T03:02:41.905403;13/02/2026;2024-10-05T11:09;7010;COMPUTADORES;;;
16008605900142025;10775349;SISRP;5;V;24;SERVIDOR, TIPO: RACK , PROCESSADORES FÍSICOS: 2 , NÚCLEOS POR PROCESSADOR: SUPERIOR A 20 , MEMÓRIA RAM: 512 GB, INTERFACE REDE LAN: 3 A 4 , INTERFACE REDE SAN: 2 , ARMAZENAMENTO SATA: SEM DISCOS SATA , ARMAZENAMENTO SAS: SEM DISCOS SAS , ARMAZENAMENTO SSD: COM DISCOS SSD , FONTE ALIMENTAÇÃO: REDUNDANTE (SWAP/HOT PLUG) , SISTEMA OPERACIONAL: OPEN SOURCE , GARANTIA ON SITE: SUPERIOR 48 MESES;628826;null;;UNIDADE;UN;0;3;70.000,00;0;00006879000260;COMPACTA COMERCIO E SERVICOS LTDA;Thinksystem SR650 V3;160086;GABINETE DO MINISTRO DO EXERCITO;5300108;BRASÍLIA;DF;52121;COMANDO DO EXERCITO;E;F;26/01/2026;2026-01-27T01:10:07.822631;2026-01-27T03:02:46.698722;26/01/2026;2026-02-02T10:36;7010;COMPUTADORES;;;
92627405917752025;10480459;SISRP;5;V;32;SERVIDOR, TIPO: RACK , PROCESSADORES FÍSICOS: 2 , NÚCLEOS POR PROCESSADOR: SUPERIOR A 20 , MEMÓRIA RAM: 512 GB, INTERFACE REDE LAN: 3 A 4 , INTERFACE REDE SAN: 2 , ARMAZENAMENTO SATA: SEM DISCOS SATA , ARMAZENAMENTO SAS: SEM DISCOS SAS , ARMAZENAMENTO SSD: COM DISCOS SSD , FONTE ALIMENTAÇÃO: REDUNDANTE (SWAP/HOT PLUG) , SISTEMA OPERACIONAL: OPEN SOURCE , GARANTIA ON SITE: SUPERIOR 48 MESES;628826;null;;UNIDADE;UN;0;4;272.000,00;0;01425676000351;ATHENAS AUTOMACAO LTDA;ThinkSystem SR665 V3;926274;UNIVERSIDADE ESTADUAL DO OESTE DO PARANA-FOZ;4108304;FOZ DO IGUAÇU;PR;96175;UNIVERSIDADE ESTADUAL DO OESTE DO PARANA -FOZ;E;E;23/01/2026;2026-01-24T01:10:09.025703;2026-01-24T03:01:44.846188;23/01/2026;2024-04-06T15:14;7010;COMPUTADORES;;;
92627405917752025;10480458;SISRP;5;V;31;SERVIDOR, TIPO: RACK , PROCESSADORES FÍSICOS: 2 , NÚCLEOS POR PROCESSADOR: SUPERIOR A 20 , MEMÓRIA RAM: 512 GB, INTERFACE REDE LAN: 3 A 4 , INTERFACE REDE SAN: 2 , ARMAZENAMENTO SATA: SEM DISCOS SATA , ARMAZENAMENTO SAS: SEM DISCOS SAS , ARMAZENAMENTO SSD: COM DISCOS SSD , FONTE ALIMENTAÇÃO: REDUNDANTE (SWAP/HOT PLUG) , SISTEMA OPERACIONAL: OPEN SOURCE , GARANTIA ON SITE: SUPERIOR 48 MESES;628826;null;;UNIDADE;UN;0;4;286.000,00;0;01425676000351;ATHENAS AUTOMACAO LTDA;ThinkSystem SR665 V3;926274;UNIVERSIDADE ESTADUAL DO OESTE DO PARANA-FOZ;4108304;FOZ DO IGUAÇU;PR;96175;UNIVERSIDADE ESTADUAL DO OESTE DO PARANA -FOZ;E;E;23/01/2026;2026-01-24T01:10:09.025703;2026-01-24T03:01:44.823571;23/01/2026;2024-04-06T15:14;7010;COMPUTADORES;;;
92627405917752025;10480460;SISRP;5;V;33;SERVIDOR, TIPO: RACK , PROCESSADORES FÍSICOS: 2 , NÚCLEOS POR PROCESSADOR: SUPERIOR A 20 , MEMÓRIA RAM: 512 GB, INTERFACE REDE LAN: 3 A 4 , INTERFACE REDE SAN: 2 , ARMAZENAMENTO SATA: SEM DISCOS SATA , ARMAZENAMENTO SAS: SEM DISCOS SAS , ARMAZENAMENTO SSD: COM DISCOS SSD , FONTE ALIMENTAÇÃO: REDUNDANTE (SWAP/HOT PLUG) , SISTEMA OPERACIONAL: OPEN SOURCE , GARANTIA ON SITE: SUPERIOR 48 MESES;628826;null;;UNIDADE;UN;0;3;226.000,00;0;01425676000351;ATHENAS AUTOMACAO LTDA;ThinkSystem SR665 V3;926274;UNIVERSIDADE ESTADUAL DO OESTE DO PARANA-FOZ;4108304;FOZ DO IGUAÇU;PR;96175;UNIVERSIDADE ESTADUAL DO OESTE DO PARANA -FOZ;E;E;23/01/2026;2026-01-24T01:10:09.025703;2026-01-24T03:01:44.868911;23/01/2026;2024-04-06T15:14;7010;COMPUTADORES;;;
92554406000142026;10756573;SISPP;6;1;5;SERVIDOR, TIPO: RACK , PROCESSADORES FÍSICOS: 2 , NÚCLEOS POR PROCESSADOR: SUPERIOR A 20 , MEMÓRIA RAM: 512 GB, INTERFACE REDE LAN: 3 A 4 , INTERFACE REDE SAN: 2 , ARMAZENAMENTO SATA: SEM DISCOS SATA , ARMAZENAMENTO SAS: SEM DISCOS SAS , ARMAZENAMENTO SSD: COM DISCOS SSD , FONTE ALIMENTAÇÃO: REDUNDANTE (SWAP/HOT PLUG) , SISTEMA OPERACIONAL: OPEN SOURCE , GARANTIA ON SITE: SUPERIOR 48 MESES;628826;null;;UNIDADE;UN;0;2;2.310,00;0;36539794000103,00;36.539.794 VICTOR HUGO RIBEIRO LIMA;NBL;925544;ERN - INSTITUTO TÉCNICO-CIENTÍFICO DE PERÍCIA;2408102;NATAL;RN;99782;ERN - INSTITUTO TÉCNICO-CIENTÍFICO DE PERÍCIA;E;E;17/12/2025;2026-01-23T02:27:44.031068;2026-01-23T03:19:09.742024;22/01/2026;2024-10-12T11:09;7010;COMPUTADORES;;;
16030305900122025;10699788;SISRP;5;V;10;SERVIDOR, TIPO: RACK , PROCESSADORES FÍSICOS: 2 , NÚCLEOS POR PROCESSADOR: SUPERIOR A 20 , MEMÓRIA RAM: 512 GB, INTERFACE REDE LAN: 3 A 4 , INTERFACE REDE SAN: 2 , ARMAZENAMENTO SATA: SEM DISCOS SATA , ARMAZENAMENTO SAS: SEM DISCOS SAS , ARMAZENAMENTO SSD: COM DISCOS SSD , FONTE ALIMENTAÇÃO: REDUNDANTE (SWAP/HOT PLUG) , SISTEMA OPERACIONAL: OPEN SOURCE , GARANTIA ON SITE: SUPERIOR 48 MESES;628826;null;;UNIDADE;UN;0;1;93.200,00;0;08619872000144;TECZAP COMERCIO E DISTRIBUICAO LTDA;TZ SUPER;160303;BASE DE ADMINIST. E APOIO DA 1ª REG. MILITAR;3304557;RIO DE JANEIRO;RJ;52121;COMANDO DO EXERCITO;E;F;15/01/2026;2026-01-16T01:10:06.841513;2026-01-16T03:01:34.299718;15/01/2026;2026-01-19T10:39;7010;COMPUTADORES;;;
20060006000602025;10614694;SISPP;6;1;1;SERVIDOR, TIPO: RACK , PROCESSADORES FÍSICOS: 2 , NÚCLEOS POR PROCESSADOR: SUPERIOR A 20 , MEMÓRIA RAM: 512 GB, INTERFACE REDE LAN: 3 A 4 , INTERFACE REDE SAN: 2 , ARMAZENAMENTO SATA: SEM DISCOS SATA , ARMAZENAMENTO SAS: SEM DISCOS SAS , ARMAZENAMENTO SSD: COM DISCOS SSD , FONTE ALIMENTAÇÃO: REDUNDANTE (SWAP/HOT PLUG) , SISTEMA OPERACIONAL: OPEN SOURCE , GARANTIA ON SITE: SUPERIOR 48 MESES;628826;null;;UNIDADE;UN;0;2;29.796,00;0;6,25671E+13;LIZARDOS VENDAS E SOLUCOES LTDA;DELL;200600;PENITENCIÁRIA FEDERAL EM CAMPO GRANDE - MS;5002704;CAMPO GRANDE;MS;30907;FUNDO PENITENCIARIO NACIONAL;E;F;21/12/2025;2025-12-31T02:18:23.240136;2025-12-31T03:19:22.179709;30/12/2025;2020-12-20T17:51;7010;COMPUTADORES;;;
15303805900202025;10325018;SISRP;5;V;18;SERVIDOR, TIPO: TORRE , PROCESSADORES FÍSICOS: 1 , NÚCLEOS POR PROCESSADOR: 15 A 20 , MEMÓRIA RAM: 64 GB, INTERFACE REDE LAN: 3 A 4 , INTERFACE REDE SAN: SEM SAN , ARMAZENAMENTO SATA: COM DISCOS SATA , ARMAZENAMENTO SAS: SEM DISCOS SAS , ARMAZENAMENTO SSD: COM DISCOS SSD , FONTE ALIMENTAÇÃO: SEM REDUNDÂNCIA , SISTEMA OPERACIONAL: PROPRIETÁRIO , GARANTIA ON SITE: 36 MESES;626070;null;;UNIDADE;UN;0;2;26.853,00;0;4,81999E+13;P. CHELES COMERCIO E SERVICOS LTDA;SERVIDOR;153038;UNIVERSIDADE FEDERAL DA BAHIA-UF/BA;2927408;SALVADOR;BA;26232;UNIVERSIDADE FEDERAL DA BAHIA;E;F;09/12/2025;2025-12-10T01:10:11.277721;2025-12-10T03:04:48.378650;09/12/2025;2025-07-07T15:15;7010;COMPUTADORES;;;
15303805900202025;10325017;SISRP;5;V;17;SERVIDOR, TIPO: TORRE , PROCESSADORES FÍSICOS: 1 , NÚCLEOS POR PROCESSADOR: 15 A 20 , MEMÓRIA RAM: 64 GB, INTERFACE REDE LAN: 3 A 4 , INTERFACE REDE SAN: SEM SAN , ARMAZENAMENTO SATA: COM DISCOS SATA , ARMAZENAMENTO SAS: SEM DISCOS SAS , ARMAZENAMENTO SSD: COM DISCOS SSD , FONTE ALIMENTAÇÃO: SEM REDUNDÂNCIA , SISTEMA OPERACIONAL: PROPRIETÁRIO , GARANTIA ON SITE: 36 MESES;626070;null;;UNIDADE;UN;0;8;26.853,00;0;4,81999E+13;P. CHELES COMERCIO E SERVICOS LTDA;SERVIDOR;153038;UNIVERSIDADE FEDERAL DA BAHIA-UF/BA;2927408;SALVADOR;BA;26232;UNIVERSIDADE FEDERAL DA BAHIA;E;F;09/12/2025;2025-12-10T01:10:11.277721;2025-12-10T03:04:48.345182;09/12/2025;2025-07-07T15:15;7010;COMPUTADORES;;;
98547305900712025;10084206;SISRP;5;V;26;SERVIDOR, TIPO: TORRE , PROCESSADORES FÍSICOS: 1 , NÚCLEOS POR PROCESSADOR: 15 A 20 , MEMÓRIA RAM: 64 GB, INTERFACE REDE LAN: 3 A 4 , INTERFACE REDE SAN: SEM SAN , ARMAZENAMENTO SATA: COM DISCOS SATA , ARMAZENAMENTO SAS: SEM DISCOS SAS , ARMAZENAMENTO SSD: COM DISCOS SSD , FONTE ALIMENTAÇÃO: SEM REDUNDÂNCIA , SISTEMA OPERACIONAL: PROPRIETÁRIO , GARANTIA ON SITE: 36 MESES;626070;null;;UNIDADE;UN;0;10;300;0;2,73597E+13;CARLOS INFORMATICA E CURSOS LTDA;MACROVIP;985473;PREFEITURA MUNICIPAL DE CRUZEIRO DO IGUACU-PR;4106571;CRUZEIRO DO IGUAÇU;PR;97993;PREFEITURA DE CRUZEIRO DO IGUACU - PR;E;M;07/11/2025;2025-11-08T01:10:10.654555;2025-11-08T03:04:00.026365;07/11/2025;2023-06-26T16:38;7010;COMPUTADORES;;;
92561105900172025;10029968;SISRP;5;V;10;SERVIDOR, TIPO: TORRE , PROCESSADORES FÍSICOS: 1 , NÚCLEOS POR PROCESSADOR: 15 A 20 , MEMÓRIA RAM: 64 GB, INTERFACE REDE LAN: 3 A 4 , INTERFACE REDE SAN: SEM SAN , ARMAZENAMENTO SATA: COM DISCOS SATA , ARMAZENAMENTO SAS: SEM DISCOS SAS , ARMAZENAMENTO SSD: COM DISCOS SSD , FONTE ALIMENTAÇÃO: SEM REDUNDÂNCIA , SISTEMA OPERACIONAL: PROPRIETÁRIO , GARANTIA ON SITE: 36 MESES;626070;null;;UNIDADE;UN;0;1;22.190,00;0;1,83879E+13;COMERCIAL TOP MIX LTDA;DELL;925611;UNIVERSIDADE ESTADUAL DO PARA;1501402;BELÉM;PA;93467;UNIVERSIDADE ESTADUAL DO PARA;E;E;04/11/2025;2025-11-05T01:10:10.676935;2025-11-05T03:01:14.613605;04/11/2025;2024-04-07T15:14;7010;COMPUTADORES;;;
93241005900092025;9536813;SISRP;5;V;5;SERVIDOR, TIPO: TORRE , PROCESSADORES FÍSICOS: 1 , NÚCLEOS POR PROCESSADOR: 15 A 20 , MEMÓRIA RAM: 64 GB, INTERFACE REDE LAN: 3 A 4 , INTERFACE REDE SAN: SEM SAN , ARMAZENAMENTO SATA: COM DISCOS SATA , ARMAZENAMENTO SAS: SEM DISCOS SAS , ARMAZENAMENTO SSD: COM DISCOS SSD , FONTE ALIMENTAÇÃO: SEM REDUNDÂNCIA , SISTEMA OPERACIONAL: PROPRIETÁRIO , GARANTIA ON SITE: 36 MESES;626070;null;;UNIDADE;UN;0;1;21.530,00;0;08619872000144;TECZAP COMERCIO E DISTRIBUICAO LTDA;SUPERMICRO;932410;EMPRESA PARAIBANA DE COMUNICAÇAO/PB;2507507;JOÃO PESSOA;PB;86467;EMPRESA PARAIBANA DE COMUNICAÇAO/PB;E;E;22/09/2025;2025-09-23T01:10:11.869075;2025-09-23T03:00:29.227090;22/09/2025;2025-02-13T10:38;7010;COMPUTADORES;;;
93289505900192025;9224169;SISRP;5;V;65;SERVIDOR, TIPO: TORRE , PROCESSADORES FÍSICOS: 1 , NÚCLEOS POR PROCESSADOR: 15 A 20 , MEMÓRIA RAM: 64 GB, INTERFACE REDE LAN: 3 A 4 , INTERFACE REDE SAN: SEM SAN , ARMAZENAMENTO SATA: COM DISCOS SATA , ARMAZENAMENTO SAS: SEM DISCOS SAS , ARMAZENAMENTO SSD: COM DISCOS SSD , FONTE ALIMENTAÇÃO: SEM REDUNDÂNCIA , SISTEMA OPERACIONAL: PROPRIETÁRIO , GARANTIA ON SITE: 36 MESES;626070;null;;UNIDADE;UN;0;40;105;0;4,93415E+13;TKS IMPORTS LTDA;240GB;932895;PREFEITURA MUNICIPAL DE IGUARAÇU/PR;4110003;IGUARAÇU;PR;86613;PREFEITURA MUNICIPAL DE IGUARAÇU/PR;E;M;25/08/2025;2025-08-26T01:10:08.979013;2025-08-26T03:02:32.790918;25/08/2025;2025-03-31T17:47;7010;COMPUTADORES;;;
93006805900012025;8755371;SISPP;5;V;5;SERVIDOR, TIPO: TORRE , PROCESSADORES FÍSICOS: 1 , NÚCLEOS POR PROCESSADOR: 15 A 20 , MEMÓRIA RAM: 64 GB, INTERFACE REDE LAN: 3 A 4 , INTERFACE REDE SAN: SEM SAN , ARMAZENAMENTO SATA: COM DISCOS SATA , ARMAZENAMENTO SAS: SEM DISCOS SAS , ARMAZENAMENTO SSD: COM DISCOS SSD , FONTE ALIMENTAÇÃO: SEM REDUNDÂNCIA , SISTEMA OPERACIONAL: PROPRIETÁRIO , GARANTIA ON SITE: 36 MESES;626070;null;;UNIDADE;UN;0;1;3.200,00;0;5,93334E+13;59.333.355 EVERALDO DE SOUZA LOPES;Asustor;930068;CAMARA MUNICIPAL DE VEREADORES DE PINHÃO - PR;4119301;PINHÃO;PR;98245;CÂMARA MUNICIPAL DE VEREADORES DE PINHÃO - PR;;M;08/07/2025;2025-07-09T01:10:15.191143;2025-07-09T03:02:21.190586;08/07/2025;2024-04-06T15:14;7010;COMPUTADORES;;;
98586705900552025;8746656;SISPP;5;V;5;SERVIDOR, TIPO: TORRE , PROCESSADORES FÍSICOS: 1 , NÚCLEOS POR PROCESSADOR: 15 A 20 , MEMÓRIA RAM: 64 GB, INTERFACE REDE LAN: 3 A 4 , INTERFACE REDE SAN: SEM SAN , ARMAZENAMENTO SATA: COM DISCOS SATA , ARMAZENAMENTO SAS: SEM DISCOS SAS , ARMAZENAMENTO SSD: COM DISCOS SSD , FONTE ALIMENTAÇÃO: SEM REDUNDÂNCIA , SISTEMA OPERACIONAL: PROPRIETÁRIO , GARANTIA ON SITE: 36 MESES;626070;null;;UNIDADE;UN;0;11;11.859,00;0;2,712E+13;THADS SERVICOS LTDA;Integralizado;985867;PREFEITURA MUNICIPAL DE NOVA FRIBURGO - RJ;3303401;NOVA FRIBURGO;RJ;99034;PREFEITURA MUNICIPAL DE NOVA FRIBURGO - RJ;E;M;07/07/2025;2025-07-08T01:10:13.214244;2025-07-08T03:02:59.128781;07/07/2025;2024-04-06T15:14;7010;COMPUTADORES;;;
98586705900552025;8746655;SISPP;5;V;4;SERVIDOR, TIPO: TORRE , PROCESSADORES FÍSICOS: 1 , NÚCLEOS POR PROCESSADOR: 15 A 20 , MEMÓRIA RAM: 64 GB, INTERFACE REDE LAN: 3 A 4 , INTERFACE REDE SAN: SEM SAN , ARMAZENAMENTO SATA: COM DISCOS SATA , ARMAZENAMENTO SAS: SEM DISCOS SAS , ARMAZENAMENTO SSD: COM DISCOS SSD , FONTE ALIMENTAÇÃO: SEM REDUNDÂNCIA , SISTEMA OPERACIONAL: PROPRIETÁRIO , GARANTIA ON SITE: 36 MESES;626070;null;;UNIDADE;UN;0;2;32.500,00;0;5,54723E+13;ALLFA IMPORTS COMERCIO LTDA;Intel;985867;PREFEITURA MUNICIPAL DE NOVA FRIBURGO - RJ;3303401;NOVA FRIBURGO;RJ;99034;PREFEITURA MUNICIPAL DE NOVA FRIBURGO - RJ;E;M;07/07/2025;2025-07-08T01:10:13.214244;2025-07-08T03:02:59.104598;07/07/2025;2024-04-06T15:14;7010;COMPUTADORES;;;
98586705900552025;8746658;SISPP;5;V;7;SERVIDOR, TIPO: TORRE , PROCESSADORES FÍSICOS: 1 , NÚCLEOS POR PROCESSADOR: 15 A 20 , MEMÓRIA RAM: 64 GB, INTERFACE REDE LAN: 3 A 4 , INTERFACE REDE SAN: SEM SAN , ARMAZENAMENTO SATA: COM DISCOS SATA , ARMAZENAMENTO SAS: SEM DISCOS SAS , ARMAZENAMENTO SSD: COM DISCOS SSD , FONTE ALIMENTAÇÃO: SEM REDUNDÂNCIA , SISTEMA OPERACIONAL: PROPRIETÁRIO , GARANTIA ON SITE: 36 MESES;626070;null;;UNIDADE;UN;0;4;11.859,00;0;2,712E+13;THADS SERVICOS LTDA;Integralizado;985867;PREFEITURA MUNICIPAL DE NOVA FRIBURGO - RJ;3303401;NOVA FRIBURGO;RJ;99034;PREFEITURA MUNICIPAL DE NOVA FRIBURGO - RJ;E;M;07/07/2025;2025-07-08T01:10:13.214244;2025-07-08T03:02:59.185064;07/07/2025;2024-04-06T15:14;7010;COMPUTADORES;;;
1,60372E+16;10915716;SISRP;5;V;13;MICROCOMPUTADOR, MEMÓRIA RAM: SUPERIOR A 8 GB, NÚCLEOS POR PROCESSADOR: SUPERIOR A 8 , ARMAZENAMENTO HDD: SEM DISCO HDD GB, ARMAZENAMENTO SSD: SUPERIOR A 500 , MONITOR: 21 A 29 POL, COMPONENTES ADICIONAIS: COM TECLADO E MOUSE , SISTEMA OPERACIONAL: PROPRIETÁRIO , GARANTIA ON SITE: SUPERIOR A 36 MESES, GABINETE: TORRE , OUTROS RECURSOS: CONFORME EDITAL ;630956;null;;UNIDADE;UN;0;4;3.142,00;0;5,3867E+13;LICITAX COMERCIO E CONSULTORIA LTDA;#21822642;160372;COMANDO DE ARTILHARIA DIVISIONARIA/3/RS;4306106;CRUZ ALTA;RS;52121;COMANDO DO EXERCITO;E;F;13/02/2026;2026-02-14T01:10:07.362294;2026-02-14T03:00:44.056838;13/02/2026;2026-02-02T10:48;7010;COMPUTADORES;;;
9,25887E+16;10867896;SISPP;5;V;2;MICROCOMPUTADOR, MEMÓRIA RAM: SUPERIOR A 8 GB, NÚCLEOS POR PROCESSADOR: SUPERIOR A 8 , ARMAZENAMENTO HDD: SEM DISCO HDD GB, ARMAZENAMENTO SSD: SUPERIOR A 500 , MONITOR: 21 A 29 POL, COMPONENTES ADICIONAIS: COM TECLADO E MOUSE , SISTEMA OPERACIONAL: PROPRIETÁRIO , GARANTIA ON SITE: SUPERIOR A 36 MESES, GABINETE: TORRE , OUTROS RECURSOS: CONFORME EDITAL ;630956;null;;UNIDADE;UN;0;6;17.990,00;0;3,56372E+13;A. B. DE ARAUJO;APPLE;925887;EPA-SECRETARIA DE ESTADO DE COMUNICAÇÃO;1501402;BELÉM;PA;89038;EPA-SECRETARIA DE ESTADO DE COMUNICAÇÃO;E;E;06/02/2026;2026-02-07T01:10:07.432340;2026-02-07T03:03:59.197579;06/02/2026;2025-06-21T14:43;7010;COMPUTADORES;;;
1,60142E+16;10824872;SISRP;5;V;43;MICROCOMPUTADOR, MEMÓRIA RAM: SUPERIOR A 8 GB, NÚCLEOS POR PROCESSADOR: SUPERIOR A 8 , ARMAZENAMENTO HDD: SEM DISCO HDD GB, ARMAZENAMENTO SSD: SUPERIOR A 500 , MONITOR: 21 A 29 POL, COMPONENTES ADICIONAIS: COM TECLADO E MOUSE , SISTEMA OPERACIONAL: PROPRIETÁRIO , GARANTIA ON SITE: SUPERIOR A 36 MESES, GABINETE: TORRE , OUTROS RECURSOS: CONFORME EDITAL ;630956;null;;UNIDADE;UN;0;25;4.890,00;0;6,29333E+13;FNGTECH INFORMATICA LTDA;GMPCOFFICE;160142;9º BATALHÃO DE SUPRIMENTO;5002704;CAMPO GRANDE;MS;52121;COMANDO DO EXERCITO;E;F;05/02/2026;2026-02-06T01:10:06.945638;2026-02-06T03:02:16.588945;05/02/2026;2025-10-15T17:40;7010;COMPUTADORES;;;
9,87663E+16;10839389;SISPP;5;V;18;MICROCOMPUTADOR, MEMÓRIA RAM: SUPERIOR A 8 GB, NÚCLEOS POR PROCESSADOR: SUPERIOR A 8 , ARMAZENAMENTO HDD: SEM DISCO HDD GB, ARMAZENAMENTO SSD: SUPERIOR A 500 , MONITOR: 21 A 29 POL, COMPONENTES ADICIONAIS: COM TECLADO E MOUSE , SISTEMA OPERACIONAL: PROPRIETÁRIO , GARANTIA ON SITE: SUPERIOR A 36 MESES, GABINETE: TORRE , OUTROS RECURSOS: CONFORME EDITAL ;630956;null;;UNIDADE;UN;0;14;4.000,00;0;5,80348E+13;RBK TECNOLOGIA E INFORMATICA LTDA;Rise Mode X1 Black,;987663;PREFEITURA MUNICIPAL DE LOANDA;4113502;LOANDA;PR;96186;PREFEITURA MUNICIPAL DE LOANDA;E;M;04/02/2026;2026-02-14T01:10:07.280528;2026-02-05T03:00:43.041152;04/02/2026;2024-03-05T13:13;7010;COMPUTADORES;;;
9,87663E+16;10915389;SISPP;5;V;18;MICROCOMPUTADOR, MEMÓRIA RAM: SUPERIOR A 8 GB, NÚCLEOS POR PROCESSADOR: SUPERIOR A 8 , ARMAZENAMENTO HDD: SEM DISCO HDD GB, ARMAZENAMENTO SSD: SUPERIOR A 500 , MONITOR: 21 A 29 POL, COMPONENTES ADICIONAIS: COM TECLADO E MOUSE , SISTEMA OPERACIONAL: PROPRIETÁRIO , GARANTIA ON SITE: SUPERIOR A 36 MESES, GABINETE: TORRE , OUTROS RECURSOS: CONFORME EDITAL ;630956;null;;UNIDADE;UN;0;14;4.100,00;0;1,11382E+13;TIAGO CHRISTIANO DI JORGE SANTOS;skull;987663;PREFEITURA MUNICIPAL DE LOANDA;4113502;LOANDA;PR;96186;PREFEITURA MUNICIPAL DE LOANDA;E;M;04/02/2026;2026-02-14T01:10:07.280528;2026-02-14T03:00:37.228078;04/02/2026;2024-03-05T13:13;7010;COMPUTADORES;;;
1,60372E+16;10631926;SISRP;5;V;13;MICROCOMPUTADOR, MEMÓRIA RAM: SUPERIOR A 8 GB, NÚCLEOS POR PROCESSADOR: SUPERIOR A 8 , ARMAZENAMENTO HDD: SEM DISCO HDD GB, ARMAZENAMENTO SSD: SUPERIOR A 500 , MONITOR: 21 A 29 POL, COMPONENTES ADICIONAIS: COM TECLADO E MOUSE , SISTEMA OPERACIONAL: PROPRIETÁRIO , GARANTIA ON SITE: SUPERIOR A 36 MESES, GABINETE: TORRE , OUTROS RECURSOS: CONFORME EDITAL ;630956;null;;UNIDADE;UN;0;4;3.000,00;0;6,19439E+12;GUARAPUAVA CENTRO DIGITAL DE INFORMATICA LTDA;PREMIUM I;160372;COMANDO DE ARTILHARIA DIVISIONARIA/3/RS;4306106;CRUZ ALTA;RS;52121;COMANDO DO EXERCITO;E;F;13/02/2026;2026-02-14T01:10:07.362294;2026-02-04T03:00:52.766367;03/02/2026;2026-02-02T10:48;7010;COMPUTADORES;;;
9,25458E+16;10505153;SISRP;5;V;2;MICROCOMPUTADOR, MEMÓRIA RAM: SUPERIOR A 8 GB, NÚCLEOS POR PROCESSADOR: SUPERIOR A 8 , ARMAZENAMENTO HDD: SEM DISCO HDD GB, ARMAZENAMENTO SSD: SUPERIOR A 500 , MONITOR: 21 A 29 POL, COMPONENTES ADICIONAIS: COM TECLADO E MOUSE , SISTEMA OPERACIONAL: PROPRIETÁRIO , GARANTIA ON SITE: SUPERIOR A 36 MESES, GABINETE: TORRE , OUTROS RECURSOS: CONFORME EDITAL ;630956;null;;UNIDADE;UN;0;10;6.675,00;0;3,22865E+13;SECOND SOLUCAO EM TECNOLOGIA LTDA;Pro Micro QCM1250;925458;TRIBUNAL DE CONTAS DO ESTADO DE RORAIMA;1400100;BOA VISTA;RR;93622;TRIBUNAL DE CONTAS DO ESTADO DE RORAIMA;E;E;28/01/2026;2026-01-29T01:10:07.364110;2026-01-29T03:00:25.175596;28/01/2026;2022-12-17T17:09;7010;COMPUTADORES;;;
9,25458E+16;10789908;SISRP;5;V;1;MICROCOMPUTADOR, MEMÓRIA RAM: SUPERIOR A 8 GB, NÚCLEOS POR PROCESSADOR: SUPERIOR A 8 , ARMAZENAMENTO HDD: SEM DISCO HDD GB, ARMAZENAMENTO SSD: SUPERIOR A 500 , MONITOR: 21 A 29 POL, COMPONENTES ADICIONAIS: COM TECLADO E MOUSE , SISTEMA OPERACIONAL: PROPRIETÁRIO , GARANTIA ON SITE: SUPERIOR A 36 MESES, GABINETE: TORRE , OUTROS RECURSOS: CONFORME EDITAL ;630956;null;;UNIDADE;UN;0;190;7.390,00;0;5,77833E+12;E.R. SOLUCOES INFORMATICA LTDA;THINKCENTRE M70q Gen;925458;TRIBUNAL DE CONTAS DO ESTADO DE RORAIMA;1400100;BOA VISTA;RR;93622;TRIBUNAL DE CONTAS DO ESTADO DE RORAIMA;E;E;28/01/2026;2026-01-29T01:10:07.364110;2026-01-29T03:00:25.153075;28/01/2026;2022-12-17T17:09;7010;COMPUTADORES;;;
9,26668E+16;10790524;SISRP;5;V;197;MICROCOMPUTADOR, MEMÓRIA RAM: SUPERIOR A 8 GB, NÚCLEOS POR PROCESSADOR: SUPERIOR A 8 , ARMAZENAMENTO HDD: SEM DISCO HDD GB, ARMAZENAMENTO SSD: SUPERIOR A 500 , MONITOR: 21 A 29 POL, COMPONENTES ADICIONAIS: COM TECLADO E MOUSE , SISTEMA OPERACIONAL: PROPRIETÁRIO , GARANTIA ON SITE: SUPERIOR A 36 MESES, GABINETE: TORRE , OUTROS RECURSOS: CONFORME EDITAL ;630956;null;;UNIDADE;UN;0;6;13.500,00;0;2,05583E+13;MIDIA CRIATIVA PUBLICIDADE E EVENTOS LTDA;VX 1000;926668;ASSEMBLEIA LEGISLATIVA DE MATO GROSSO;5103403;CUIABÁ;MT;97221;ASSEMBLEIA LEGISLATIVA DE MATO GROSSO;E;E;28/01/2026;2026-01-29T01:10:07.435837;2026-01-29T03:00:38.148149;28/01/2026;2022-12-17T14:49;7010;COMPUTADORES;;;
9,85499E+16;10794493;SISPP;5;V;7;MICROCOMPUTADOR, MEMÓRIA RAM: SUPERIOR A 8 GB, NÚCLEOS POR PROCESSADOR: SUPERIOR A 8 , ARMAZENAMENTO HDD: SEM DISCO HDD GB, ARMAZENAMENTO SSD: SUPERIOR A 500 , MONITOR: 21 A 29 POL, COMPONENTES ADICIONAIS: COM TECLADO E MOUSE , SISTEMA OPERACIONAL: PROPRIETÁRIO , GARANTIA ON SITE: SUPERIOR A 36 MESES, GABINETE: TORRE , OUTROS RECURSOS: CONFORME EDITAL ;630956;null;;UNIDADE;UN;0;5;1.997,00;0;5,74105E+13;ELITE DIGITAL LTDA;Computador com Windo;985499;PREFEITURA MUNICIPAL DE CANDÓI - PR;4104428;CANDÓI;PR;97969;PREFEITURA DE CANDÓI - PR;E;M;28/01/2026;2026-01-29T01:10:07.948534;2026-01-29T03:02:17.443399;28/01/2026;2023-06-26T15:03;7010;COMPUTADORES;;;
38921905900132025;10876786;SISPP;5;V;1;SERVIDOR, TIPO: SAN - STORAGE AREA NETWORK , PROCESSADORES FÍSICOS: 4 , NÚCLEOS POR PROCESSADOR: 8 , MEMÓRIA RAM: 96 GB, INTERFACE REDE LAN: SUPERIOR A 4 , INTERFACE REDE SAN: 3 A 4 , ARMAZENAMENTO SATA: COM DISCOS SATA , ARMAZENAMENTO SAS: COM DISCOS SAS , ARMAZENAMENTO SSD: COM DISCOS SSD , FONTE ALIMENTAÇÃO: 220VAC-50/60HZ , SISTEMA OPERACIONAL: PROPRIETÁRIO , GARANTIA ON SITE: SUPERIOR 48 MESES;458073;null;;UNIDADE;UN;0;1;334.000,00;0;1,50066E+13;PROVIDEIT TECNOLOGIA LTDA;IBM;389219;CONSELHO REGIONAL DE NUTRICAO 3 REGIAO;3550308;SÃO PAULO;SP;38604;CONSELHO REGIONAL DE NUTRICAO 3 REGIAO;E;F;09/02/2026;2026-02-10T01:10:07.935623;2026-02-10T03:02:27.306128;09/02/2026;2024-11-08T10:10;7010;COMPUTADORES;;;
25449205900782025;10753021;SISRP;5;V;1;SERVIDOR, TIPO: SAN - STORAGE AREA NETWORK , PROCESSADORES FÍSICOS: 4 , NÚCLEOS POR PROCESSADOR: 8 , MEMÓRIA RAM: 96 GB, INTERFACE REDE LAN: SUPERIOR A 4 , INTERFACE REDE SAN: 3 A 4 , ARMAZENAMENTO SATA: COM DISCOS SATA , ARMAZENAMENTO SAS: COM DISCOS SAS , ARMAZENAMENTO SSD: COM DISCOS SSD , FONTE ALIMENTAÇÃO: 220VAC-50/60HZ , SISTEMA OPERACIONAL: PROPRIETÁRIO , GARANTIA ON SITE: SUPERIOR 48 MESES;458073;null;;UNIDADE;UN;0;1;510.677,00;0;08706548000325;O2 SOLUCOES EM TECNOLOGIA DIGITAL LTDA;FS5045;254492;INSTITUTO DE PESQUISAS EVANDRO CHAGAS - IPEC;3304557;RIO DE JANEIRO;RJ;36201;FUNDACAO OSWALDO CRUZ;E;F;22/01/2026;2026-01-23T01:10:07.739494;2026-01-23T03:02:59.167320;22/01/2026;2025-10-22T15:41;7010;COMPUTADORES;;;
98588906000022026;10725615;SISPP;6;1;7;SERVIDOR, TIPO: SAN - STORAGE AREA NETWORK , PROCESSADORES FÍSICOS: 4 , NÚCLEOS POR PROCESSADOR: 8 , MEMÓRIA RAM: 96 GB, INTERFACE REDE LAN: SUPERIOR A 4 , INTERFACE REDE SAN: 3 A 4 , ARMAZENAMENTO SATA: COM DISCOS SATA , ARMAZENAMENTO SAS: COM DISCOS SAS , ARMAZENAMENTO SSD: COM DISCOS SSD , FONTE ALIMENTAÇÃO: 220VAC-50/60HZ , SISTEMA OPERACIONAL: PROPRIETÁRIO , GARANTIA ON SITE: SUPERIOR 48 MESES;458073;null;;UNIDADE;UN;0;10;187,91;0;5,52617E+13;FORTALEZA COMERCIO E SERVICOS LTDA;ML;985889;PREFEITURA MUNICIPAL DE RIO DAS FLORES - RJ;3304508;RIO DAS FLORES;RJ;99050;PREFEITURA MUNICIPAL DE RIO DAS FLORES - RJ;E;M;10/12/2025;2026-01-20T02:17:00.654798;2026-01-20T03:20:07.175523;19/01/2026;2024-04-06T15:14;7010;COMPUTADORES;;;
16030305900122025;10699789;SISRP;5;V;11;SERVIDOR, TIPO: SAN - STORAGE AREA NETWORK , PROCESSADORES FÍSICOS: 4 , NÚCLEOS POR PROCESSADOR: 8 , MEMÓRIA RAM: 96 GB, INTERFACE REDE LAN: SUPERIOR A 4 , INTERFACE REDE SAN: 3 A 4 , ARMAZENAMENTO SATA: COM DISCOS SATA , ARMAZENAMENTO SAS: COM DISCOS SAS , ARMAZENAMENTO SSD: COM DISCOS SSD , FONTE ALIMENTAÇÃO: 220VAC-50/60HZ , SISTEMA OPERACIONAL: PROPRIETÁRIO , GARANTIA ON SITE: SUPERIOR 48 MESES;458073;null;;UNIDADE;UN;0;1;53.000,00;0;08619872000144;TECZAP COMERCIO E DISTRIBUICAO LTDA;TZ SUPER 9000;160303;BASE DE ADMINIST. E APOIO DA 1ª REG. MILITAR;3304557;RIO DE JANEIRO;RJ;52121;COMANDO DO EXERCITO;E;F;15/01/2026;2026-01-16T01:10:06.841513;2026-01-16T03:01:34.315650;15/01/2026;2026-01-19T10:39;7010;COMPUTADORES;;;
9017705900322025;10628973;SISPP;5;V;1;SERVIDOR, TIPO: SAN - STORAGE AREA NETWORK , PROCESSADORES FÍSICOS: 4 , NÚCLEOS POR PROCESSADOR: 8 , MEMÓRIA RAM: 96 GB, INTERFACE REDE LAN: SUPERIOR A 4 , INTERFACE REDE SAN: 3 A 4 , ARMAZENAMENTO SATA: COM DISCOS SATA , ARMAZENAMENTO SAS: COM DISCOS SAS , ARMAZENAMENTO SSD: COM DISCOS SSD , FONTE ALIMENTAÇÃO: 220VAC-50/60HZ , SISTEMA OPERACIONAL: PROPRIETÁRIO , GARANTIA ON SITE: SUPERIOR 48 MESES;458073;null;;UNIDADE;UN;0;1;1.490.000,00;0;3,13857E+13;A3 INFOTECH COMERCIO E PRESTACAO DE SERVICOS E INFORMATICA LTDA.;Dell Computadores do;090177;ESP-INSTITUTO ADOLFO LUTZ;3550308;SÃO PAULO;SP;95556;ESP-SECRETARIA DA SAUDE;E;E;06/01/2026;2026-01-07T01:10:07.378731;2026-01-07T03:00:11.346169;06/01/2026;2024-03-20T14:59;7010;COMPUTADORES;;;
20300305900082025;10589785;SISPP;5;V;1;SERVIDOR, TIPO: SAN - STORAGE AREA NETWORK , PROCESSADORES FÍSICOS: 4 , NÚCLEOS POR PROCESSADOR: 8 , MEMÓRIA RAM: 96 GB, INTERFACE REDE LAN: SUPERIOR A 4 , INTERFACE REDE SAN: 3 A 4 , ARMAZENAMENTO SATA: COM DISCOS SATA , ARMAZENAMENTO SAS: COM DISCOS SAS , ARMAZENAMENTO SSD: COM DISCOS SSD , FONTE ALIMENTAÇÃO: 220VAC-50/60HZ , SISTEMA OPERACIONAL: PROPRIETÁRIO , GARANTIA ON SITE: SUPERIOR 48 MESES;458073;null;;UNIDADE;UN;0;2;174.000,00;0;06012469000127;PRIMEIRO TIME INFORMATICA LTDA;IBM;203003;AGENCIA NACIONAL DO CINEMA - PR;3304557;RIO DE JANEIRO;RJ;20203;AGENCIA NACIONAL DO CINEMA;E;F;26/12/2025;2025-12-27T01:10:06.928234;2025-12-27T03:02:06.515937;26/12/2025;2026-02-03T14:13;7010;COMPUTADORES;;;
40004505900082025;10514067;SISPP;5;V;1;SERVIDOR, TIPO: SAN - STORAGE AREA NETWORK , PROCESSADORES FÍSICOS: 4 , NÚCLEOS POR PROCESSADOR: 8 , MEMÓRIA RAM: 96 GB, INTERFACE REDE LAN: SUPERIOR A 4 , INTERFACE REDE SAN: 3 A 4 , ARMAZENAMENTO SATA: COM DISCOS SATA , ARMAZENAMENTO SAS: COM DISCOS SAS , ARMAZENAMENTO SSD: COM DISCOS SSD , FONTE ALIMENTAÇÃO: 220VAC-50/60HZ , SISTEMA OPERACIONAL: PROPRIETÁRIO , GARANTIA ON SITE: SUPERIOR 48 MESES;458073;null;;UNIDADE;UN;0;1;3.329.050,00;0;08706548000325;O2 SOLUCOES EM TECNOLOGIA DIGITAL LTDA;IBM;400045;COORDENAÇÃO GERAL DE REC. LOGISTICOS - MTPS;5300108;BRASÍLIA;DF;40000;MINISTéRIO DO TRABALHO E PREVIDêNCIA SOCIAL;E;F;17/12/2025;2025-12-18T01:10:11.945884;2025-12-18T03:06:24.575046;17/12/2025;2026-01-05T11:07;7010;COMPUTADORES;;;
11000105900372025;10459271;SISPP;5;V;2;SERVIDOR, TIPO: SAN - STORAGE AREA NETWORK , PROCESSADORES FÍSICOS: 4 , NÚCLEOS POR PROCESSADOR: 8 , MEMÓRIA RAM: 96 GB, INTERFACE REDE LAN: SUPERIOR A 4 , INTERFACE REDE SAN: 3 A 4 , ARMAZENAMENTO SATA: COM DISCOS SATA , ARMAZENAMENTO SAS: COM DISCOS SAS , ARMAZENAMENTO SSD: COM DISCOS SSD , FONTE ALIMENTAÇÃO: 220VAC-50/60HZ , SISTEMA OPERACIONAL: PROPRIETÁRIO , GARANTIA ON SITE: SUPERIOR 48 MESES;458073;null;;UNIDADE;UN;0;1;1.626.340,00;0;01134191000228;SERVIX INFORMATICA LTDA;NetApp;110001;SECRETARIA DE ADMINISTRAÇÃO;5300108;BRASÍLIA;DF;20101;PRESIDENCIA DA REPUBLICA;E;F;12/12/2025;2025-12-13T01:10:11.632593;2025-12-13T03:03:00.932874;12/12/2025;2026-01-06T17:15;7010;COMPUTADORES;;;
11000105900372025;10459270;SISPP;5;V;1;SERVIDOR, TIPO: SAN - STORAGE AREA NETWORK , PROCESSADORES FÍSICOS: 4 , NÚCLEOS POR PROCESSADOR: 8 , MEMÓRIA RAM: 96 GB, INTERFACE REDE LAN: SUPERIOR A 4 , INTERFACE REDE SAN: 3 A 4 , ARMAZENAMENTO SATA: COM DISCOS SATA , ARMAZENAMENTO SAS: COM DISCOS SAS , ARMAZENAMENTO SSD: COM DISCOS SSD , FONTE ALIMENTAÇÃO: 220VAC-50/60HZ , SISTEMA OPERACIONAL: PROPRIETÁRIO , GARANTIA ON SITE: SUPERIOR 48 MESES;458073;null;;UNIDADE;UN;0;1;1.201.320,00;0;01134191000228;SERVIX INFORMATICA LTDA;NetApp;110001;SECRETARIA DE ADMINISTRAÇÃO;5300108;BRASÍLIA;DF;20101;PRESIDENCIA DA REPUBLICA;E;F;12/12/2025;2025-12-13T01:10:11.632593;2025-12-13T03:03:00.896663;12/12/2025;2026-01-06T17:15;7010;COMPUTADORES;;;
18302305900192025;10433152;SISPP;5;V;4;SERVIDOR, TIPO: SAN - STORAGE AREA NETWORK , PROCESSADORES FÍSICOS: 4 , NÚCLEOS POR PROCESSADOR: 8 , MEMÓRIA RAM: 96 GB, INTERFACE REDE LAN: SUPERIOR A 4 , INTERFACE REDE SAN: 3 A 4 , ARMAZENAMENTO SATA: COM DISCOS SATA , ARMAZENAMENTO SAS: COM DISCOS SAS , ARMAZENAMENTO SSD: COM DISCOS SSD , FONTE ALIMENTAÇÃO: 220VAC-50/60HZ , SISTEMA OPERACIONAL: PROPRIETÁRIO , GARANTIA ON SITE: SUPERIOR 48 MESES;458073;null;;UNIDADE;UN;0;1;562.000,00;0;01134191000570;SERVIX INFORMATICA LTDA;NetApp;183023;INST.NAC.DE METROLOGIA QUALIDADE E TECNOLOGIA;3301702;DUQUE DE CAXIAS;RJ;30203;INST.NAC. DE METROLOGIA, NORMAL.E QUAL.IND.;E;F;10/12/2025;2025-12-24T01:10:12.682855;2025-12-24T03:04:46.016188;10/12/2025;2025-07-07T15:38;7010;COMPUTADORES;;;
92635405900102025;10591022;SISPP;5;V;6;SWITCH, QUANTIDADE PORTAS: 24 UN, TIPO PORTAS: GIGABIT ETHERNET , VELOCIDADE PORTA: 1000 MBPS , ALIMENTAÇÃO: 110/220 V, CARACTERÍSTICAS ADICIONAIS: 50 CM DE CABO DE EMPILHAMENTO , TIPO: SWITCH GERENCIÁVEL ;618773;null;;UNIDADE;UN;0;1;2.498,00;0;3,21498E+13;PAXIN SOLUCOES E TECNOLOGIA LTDA;BDCOM;926354;FUNDACAO DE AMPARO AO TRABALHADOR PRESO DO DF;5300108;BRASÍLIA;DF;91001;EDF-GOVERNO DO DISTRITO FEDERAL - DAR;E;E;26/12/2025;2026-02-03T01:10:05.075055;2026-02-03T03:02:01.672339;26/12/2025;2025-01-30T16:20;7050;EQUIPAMENTOS DE REDE DE TIC - LOCAL E REMOTA;;;
76230006000162025;10532701;SISPP;6;1;3;SWITCH, QUANTIDADE PORTAS: 24 UN, TIPO PORTAS: GIGABIT ETHERNET , VELOCIDADE PORTA: 1000 MBPS , ALIMENTAÇÃO: 110/220 V, CARACTERÍSTICAS ADICIONAIS: 50 CM DE CABO DE EMPILHAMENTO , TIPO: SWITCH GERENCIÁVEL ;618773;null;;UNIDADE;UN;0;10;985;0;3,1768E+13;EGC COMERCIO E ATACADISTA DE INFORMATICA E ELETROELETRONICOS LTDA;STROND SG2404;762300;COLEGIO NAVAL;3300100;ANGRA DOS REIS;RJ;52131;COMANDO DA MARINHA;E;F;03/12/2025;2025-12-19T02:19:55.839261;2025-12-19T03:22:13.531039;18/12/2025;2025-08-21T13:22;7050;EQUIPAMENTOS DE REDE DE TIC - LOCAL E REMOTA;;;
15312806000902025;9823017;SISPP;6;1;9;SWITCH, QUANTIDADE PORTAS: 24 UN, TIPO PORTAS: GIGABIT ETHERNET , VELOCIDADE PORTA: 1000 MBPS , ALIMENTAÇÃO: 110/220 V, CARACTERÍSTICAS ADICIONAIS: 50 CM DE CABO DE EMPILHAMENTO , TIPO: SWITCH GERENCIÁVEL ;618773;null;;UNIDADE;UN;0;4;783,27;0;5,24462E+13;ANTHONY VIEIRA FERRARESI;TP-LINK;153128;MEC-DECANATO CENTRO DE FILOS.E CIEN.HUM.UF/RJ;3304557;RIO DE JANEIRO;RJ;26245;UNIVERSIDADE FEDERAL DO RIO DE JANEIRO;E;F;05/10/2025;2025-10-16T02:18:09.896786;2025-10-16T03:16:55.113386;15/10/2025;2025-07-07T15:17;7050;EQUIPAMENTOS DE REDE DE TIC - LOCAL E REMOTA;;;
15842606900082025;9417473;SISPP;6;1;2;SWITCH, QUANTIDADE PORTAS: 24 UN, TIPO PORTAS: GIGABIT ETHERNET , VELOCIDADE PORTA: 1000 MBPS , ALIMENTAÇÃO: 110/220 V, CARACTERÍSTICAS ADICIONAIS: 50 CM DE CABO DE EMPILHAMENTO , TIPO: SWITCH GERENCIÁVEL ;618773;null;;UNIDADE;UN;0;5;1.350,00;0;2,80557E+13;PUBLITEK TECNOLOGIA LTDA;TPLINK;158426;IFES - CAMPUS SANTA TERESA;3204609;SANTA TERESA;ES;26406;INST.FED.DE EDUC.,CIENC.E TEC. DO ESP.SANTO;E;F;11/09/2025;2025-09-12T01:00:05.735194;2025-09-12T02:30:02.040366;11/09/2025;2025-05-14T16:05;7050;EQUIPAMENTOS DE REDE DE TIC - LOCAL E REMOTA;;;
92548905900012025;8447087;SISPP;5;V;88;SWITCH, QUANTIDADE PORTAS: 24 UN, TIPO PORTAS: GIGABIT ETHERNET , VELOCIDADE PORTA: 1000 MBPS , ALIMENTAÇÃO: 110/220 V, CARACTERÍSTICAS ADICIONAIS: 50 CM DE CABO DE EMPILHAMENTO , TIPO: SWITCH GERENCIÁVEL ;618773;null;;UNIDADE;UN;0;4;1.600,00;0;6,55295E+13;COMPUSET INFORMATICA LTDA;Switch Gerenciável 2;925489;EPA-FUNDAÇÃO CULTURAL DO ESTADO DO PARÁ;1501402;BELÉM;PA;89039;EPA-FUNDAÇÃO CULTURAL DO ESTADO DO PARÁ;E;E;04/06/2025;2025-08-01T01:10:08.913829;2025-06-05T08:04:43.936059;04/06/2025;2025-06-21T14:43;7050;EQUIPAMENTOS DE REDE DE TIC - LOCAL E REMOTA;;;
53320105900032025;8135338;SISRP;5;V;13;SWITCH, QUANTIDADE PORTAS: 24 UN, TIPO PORTAS: GIGABIT ETHERNET , VELOCIDADE PORTA: 1000 MBPS , ALIMENTAÇÃO: 110/220 V, CARACTERÍSTICAS ADICIONAIS: 50 CM DE CABO DE EMPILHAMENTO , TIPO: SWITCH GERENCIÁVEL ;618773;null;;UNIDADE;UN;0;2.440,00;12.677,00;0;07860761000162;VERNET COMUNICACAO DE DADOS LTDA;S5735-S24T4XE-V2;533201;ESP-CIA. PROCESSAMENTO DE DADOS ESTADO SP;3552809;TABOÃO DA SERRA;SP;95594;ESP-PRODESP-CIA.PROC DE DADOS EST. SP;E;E;06/05/2025;2025-05-07T01:10:12.783388;2025-05-07T03:01:48.818353;06/05/2025;2024-03-25T11:04;7050;EQUIPAMENTOS DE REDE DE TIC - LOCAL E REMOTA;;;
92503705900032025;7941842;SISRP;5;V;11;SWITCH, QUANTIDADE PORTAS: 24 UN, TIPO PORTAS: GIGABIT ETHERNET , VELOCIDADE PORTA: 1000 MBPS , ALIMENTAÇÃO: 110/220 V, CARACTERÍSTICAS ADICIONAIS: 50 CM DE CABO DE EMPILHAMENTO , TIPO: SWITCH GERENCIÁVEL ;618773;null;;UNIDADE;UN;0;30;11.300,00;0;02213325000501;PLUGNET COMERCIO E REPRESENTACOES LTDA.;HPE Aruba Networking;925037;MINISTéRIO PúBLICO DO ESTADO DO AMAPá;1600303;MACAPÁ;AP;93223;MINISTERIO PUBLICO DO ESTADO DO AMAPA;E;E;11/04/2025;2025-04-12T02:00:23.617388;2025-04-12T03:05:20.389992;11/04/2025;2022-12-17T14:49;7050;EQUIPAMENTOS DE REDE DE TIC - LOCAL E REMOTA;;;
92828505900152025;7751111;SISRP;5;V;29;SWITCH, QUANTIDADE PORTAS: 24 UN, TIPO PORTAS: GIGABIT ETHERNET , VELOCIDADE PORTA: 1000 MBPS , ALIMENTAÇÃO: 110/220 V, CARACTERÍSTICAS ADICIONAIS: 50 CM DE CABO DE EMPILHAMENTO , TIPO: SWITCH GERENCIÁVEL ;618773;null;;UNIDADE;UN;0;2;1.159,00;0;1,39198E+13;ISA NOGUEIRA COMERCIAL LTDA;conforme edital;928285;FUNDAçãO EST ATENçãO EM SAúDE EST DOPARANA;4106902;CURITIBA;PR;96130;FUNDAÇÃO ESTATAL DE ATENÇÃO A SAÚDE - PR;E;M;21/03/2025;2025-03-22T02:00:13.207189;2025-03-22T03:02:23.917944;21/03/2025;2024-11-12T09:37;7050;EQUIPAMENTOS DE REDE DE TIC - LOCAL E REMOTA;;;
98696905904732024;7320761;SISPP;5;V;15;SWITCH, QUANTIDADE PORTAS: 24 UN, TIPO PORTAS: GIGABIT ETHERNET , VELOCIDADE PORTA: 1000 MBPS , ALIMENTAÇÃO: 110/220 V, CARACTERÍSTICAS ADICIONAIS: 50 CM DE CABO DE EMPILHAMENTO , TIPO: SWITCH GERENCIÁVEL ;618773;null;;UNIDADE;UN;0;2;1.640,25;0;5,33657E+13;E.D. SOLUCOES INTEGRADAS LTDA;conforme edital;986969;PREFEITURA MUNICIPAL DE RIBEIRAO PRETO - SP;3543402;RIBEIRÃO PRETO;SP;95611;PREFEITURA DE RIBEIRÃO PRETO;E;M;23/01/2025;2026-01-24T03:30:00.003830;2026-01-24T04:00:00.005131;23/01/2025;2023-06-15T15:11;7050;EQUIPAMENTOS DE REDE DE TIC - LOCAL E REMOTA;;;
92814106000152024;7213438;SISPP;6; ;1;SWITCH, QUANTIDADE PORTAS: 24 UN, TIPO PORTAS: GIGABIT ETHERNET , VELOCIDADE PORTA: 1000 MBPS , ALIMENTAÇÃO: 110/220 V, CARACTERÍSTICAS ADICIONAIS: 50 CM DE CABO DE EMPILHAMENTO , TIPO: SWITCH GERENCIÁVEL ;618773;null;;UNIDADE;UN;0;2;1.032,40;0;1,71802E+13;J INACIO DE AZEVEDO;TP LINK;928141;CAMARA MUNICIPAL DE NATAL/RN;2408102;NATAL;RN;94470;CAMARA MUNICIPAL DE NATAL/RN;;M;08/01/2025;2026-01-09T03:29:59.999960;2026-01-10T04:00:00.004591;09/01/2025;2024-04-06T15:14;7050;EQUIPAMENTOS DE REDE DE TIC - LOCAL E REMOTA;;;
92635405900102025;10591022;SISPP;5;V;6;SWITCH, QUANTIDADE PORTAS: 24 UN, TIPO PORTAS: GIGABIT ETHERNET , VELOCIDADE PORTA: 1000 MBPS , ALIMENTAÇÃO: 110/220 V, CARACTERÍSTICAS ADICIONAIS: 50 CM DE CABO DE EMPILHAMENTO , TIPO: SWITCH GERENCIÁVEL ;618773;null;;UNIDADE;UN;0;1;2.498,00;0;3,21498E+13;PAXIN SOLUCOES E TECNOLOGIA LTDA;BDCOM;926354;FUNDACAO DE AMPARO AO TRABALHADOR PRESO DO DF;5300108;BRASÍLIA;DF;91001;EDF-GOVERNO DO DISTRITO FEDERAL - DAR;E;E;26/12/2025;2026-02-03T01:10:05.075055;2026-02-03T03:02:01.672339;26/12/2025;2025-01-30T16:20;7050;EQUIPAMENTOS DE REDE DE TIC - LOCAL E REMOTA;;;
76230006000162025;10532701;SISPP;6;1;3;SWITCH, QUANTIDADE PORTAS: 24 UN, TIPO PORTAS: GIGABIT ETHERNET , VELOCIDADE PORTA: 1000 MBPS , ALIMENTAÇÃO: 110/220 V, CARACTERÍSTICAS ADICIONAIS: 50 CM DE CABO DE EMPILHAMENTO , TIPO: SWITCH GERENCIÁVEL ;618773;null;;UNIDADE;UN;0;10;985;0;3,1768E+13;EGC COMERCIO E ATACADISTA DE INFORMATICA E ELETROELETRONICOS LTDA;STROND SG2404;762300;COLEGIO NAVAL;3300100;ANGRA DOS REIS;RJ;52131;COMANDO DA MARINHA;E;F;03/12/2025;2025-12-19T02:19:55.839261;2025-12-19T03:22:13.531039;18/12/2025;2025-08-21T13:22;7050;EQUIPAMENTOS DE REDE DE TIC - LOCAL E REMOTA;;;
15312806000902025;9823017;SISPP;6;1;9;SWITCH, QUANTIDADE PORTAS: 24 UN, TIPO PORTAS: GIGABIT ETHERNET , VELOCIDADE PORTA: 1000 MBPS , ALIMENTAÇÃO: 110/220 V, CARACTERÍSTICAS ADICIONAIS: 50 CM DE CABO DE EMPILHAMENTO , TIPO: SWITCH GERENCIÁVEL ;618773;null;;UNIDADE;UN;0;4;783,27;0;5,24462E+13;ANTHONY VIEIRA FERRARESI;TP-LINK;153128;MEC-DECANATO CENTRO DE FILOS.E CIEN.HUM.UF/RJ;3304557;RIO DE JANEIRO;RJ;26245;UNIVERSIDADE FEDERAL DO RIO DE JANEIRO;E;F;05/10/2025;2025-10-16T02:18:09.896786;2025-10-16T03:16:55.113386;15/10/2025;2025-07-07T15:17;7050;EQUIPAMENTOS DE REDE DE TIC - LOCAL E REMOTA;;;
15842606900082025;9417473;SISPP;6;1;2;SWITCH, QUANTIDADE PORTAS: 24 UN, TIPO PORTAS: GIGABIT ETHERNET , VELOCIDADE PORTA: 1000 MBPS , ALIMENTAÇÃO: 110/220 V, CARACTERÍSTICAS ADICIONAIS: 50 CM DE CABO DE EMPILHAMENTO , TIPO: SWITCH GERENCIÁVEL ;618773;null;;UNIDADE;UN;0;5;1.350,00;0;2,80557E+13;PUBLITEK TECNOLOGIA LTDA;TPLINK;158426;IFES - CAMPUS SANTA TERESA;3204609;SANTA TERESA;ES;26406;INST.FED.DE EDUC.,CIENC.E TEC. DO ESP.SANTO;E;F;11/09/2025;2025-09-12T01:00:05.735194;2025-09-12T02:30:02.040366;11/09/2025;2025-05-14T16:05;7050;EQUIPAMENTOS DE REDE DE TIC - LOCAL E REMOTA;;;
92548905900012025;8447087;SISPP;5;V;88;SWITCH, QUANTIDADE PORTAS: 24 UN, TIPO PORTAS: GIGABIT ETHERNET , VELOCIDADE PORTA: 1000 MBPS , ALIMENTAÇÃO: 110/220 V, CARACTERÍSTICAS ADICIONAIS: 50 CM DE CABO DE EMPILHAMENTO , TIPO: SWITCH GERENCIÁVEL ;618773;null;;UNIDADE;UN;0;4;1.600,00;0;6,55295E+13;COMPUSET INFORMATICA LTDA;Switch Gerenciável 2;925489;EPA-FUNDAÇÃO CULTURAL DO ESTADO DO PARÁ;1501402;BELÉM;PA;89039;EPA-FUNDAÇÃO CULTURAL DO ESTADO DO PARÁ;E;E;04/06/2025;2025-08-01T01:10:08.913829;2025-06-05T08:04:43.936059;04/06/2025;2025-06-21T14:43;7050;EQUIPAMENTOS DE REDE DE TIC - LOCAL E REMOTA;;;
53320105900032025;8135338;SISRP;5;V;13;SWITCH, QUANTIDADE PORTAS: 24 UN, TIPO PORTAS: GIGABIT ETHERNET , VELOCIDADE PORTA: 1000 MBPS , ALIMENTAÇÃO: 110/220 V, CARACTERÍSTICAS ADICIONAIS: 50 CM DE CABO DE EMPILHAMENTO , TIPO: SWITCH GERENCIÁVEL ;618773;null;;UNIDADE;UN;0;2.440,00;12.677,00;0;07860761000162;VERNET COMUNICACAO DE DADOS LTDA;S5735-S24T4XE-V2;533201;ESP-CIA. PROCESSAMENTO DE DADOS ESTADO SP;3552809;TABOÃO DA SERRA;SP;95594;ESP-PRODESP-CIA.PROC DE DADOS EST. SP;E;E;06/05/2025;2025-05-07T01:10:12.783388;2025-05-07T03:01:48.818353;06/05/2025;2024-03-25T11:04;7050;EQUIPAMENTOS DE REDE DE TIC - LOCAL E REMOTA;;;
92503705900032025;7941842;SISRP;5;V;11;SWITCH, QUANTIDADE PORTAS: 24 UN, TIPO PORTAS: GIGABIT ETHERNET , VELOCIDADE PORTA: 1000 MBPS , ALIMENTAÇÃO: 110/220 V, CARACTERÍSTICAS ADICIONAIS: 50 CM DE CABO DE EMPILHAMENTO , TIPO: SWITCH GERENCIÁVEL ;618773;null;;UNIDADE;UN;0;30;11.300,00;0;02213325000501;PLUGNET COMERCIO E REPRESENTACOES LTDA.;HPE Aruba Networking;925037;MINISTéRIO PúBLICO DO ESTADO DO AMAPá;1600303;MACAPÁ;AP;93223;MINISTERIO PUBLICO DO ESTADO DO AMAPA;E;E;11/04/2025;2025-04-12T02:00:23.617388;2025-04-12T03:05:20.389992;11/04/2025;2022-12-17T14:49;7050;EQUIPAMENTOS DE REDE DE TIC - LOCAL E REMOTA;;;
92828505900152025;7751111;SISRP;5;V;29;SWITCH, QUANTIDADE PORTAS: 24 UN, TIPO PORTAS: GIGABIT ETHERNET , VELOCIDADE PORTA: 1000 MBPS , ALIMENTAÇÃO: 110/220 V, CARACTERÍSTICAS ADICIONAIS: 50 CM DE CABO DE EMPILHAMENTO , TIPO: SWITCH GERENCIÁVEL ;618773;null;;UNIDADE;UN;0;2;1.159,00;0;1,39198E+13;ISA NOGUEIRA COMERCIAL LTDA;conforme edital;928285;FUNDAçãO EST ATENçãO EM SAúDE EST DOPARANA;4106902;CURITIBA;PR;96130;FUNDAÇÃO ESTATAL DE ATENÇÃO A SAÚDE - PR;E;M;21/03/2025;2025-03-22T02:00:13.207189;2025-03-22T03:02:23.917944;21/03/2025;2024-11-12T09:37;7050;EQUIPAMENTOS DE REDE DE TIC - LOCAL E REMOTA;;;
98696905904732024;7320761;SISPP;5;V;15;SWITCH, QUANTIDADE PORTAS: 24 UN, TIPO PORTAS: GIGABIT ETHERNET , VELOCIDADE PORTA: 1000 MBPS , ALIMENTAÇÃO: 110/220 V, CARACTERÍSTICAS ADICIONAIS: 50 CM DE CABO DE EMPILHAMENTO , TIPO: SWITCH GERENCIÁVEL ;618773;null;;UNIDADE;UN;0;2;1.640,25;0;5,33657E+13;E.D. SOLUCOES INTEGRADAS LTDA;conforme edital;986969;PREFEITURA MUNICIPAL DE RIBEIRAO PRETO - SP;3543402;RIBEIRÃO PRETO;SP;95611;PREFEITURA DE RIBEIRÃO PRETO;E;M;23/01/2025;2026-01-24T03:30:00.003830;2026-01-24T04:00:00.005131;23/01/2025;2023-06-15T15:11;7050;EQUIPAMENTOS DE REDE DE TIC - LOCAL E REMOTA;;;
92814106000152024;7213438;SISPP;6; ;1;SWITCH, QUANTIDADE PORTAS: 24 UN, TIPO PORTAS: GIGABIT ETHERNET , VELOCIDADE PORTA: 1000 MBPS , ALIMENTAÇÃO: 110/220 V, CARACTERÍSTICAS ADICIONAIS: 50 CM DE CABO DE EMPILHAMENTO , TIPO: SWITCH GERENCIÁVEL ;618773;null;;UNIDADE;UN;0;2;1.032,40;0;1,71802E+13;J INACIO DE AZEVEDO;TP LINK;928141;CAMARA MUNICIPAL DE NATAL/RN;2408102;NATAL;RN;94470;CAMARA MUNICIPAL DE NATAL/RN;;M;08/01/2025;2026-01-09T03:29:59.999960;2026-01-10T04:00:00.004591;09/01/2025;2024-04-06T15:14;7050;EQUIPAMENTOS DE REDE DE TIC - LOCAL E REMOTA;;;
13503105900302024;6733346;SISPP;5;V;4;SWITCH, QUANTIDADE PORTAS: 24 UN, TIPO PORTAS: GIGABIT ETHERNET , VELOCIDADE PORTA: 1000 MBPS , ALIMENTAÇÃO: 110/220 V, CARACTERÍSTICAS ADICIONAIS: 50 CM DE CABO DE EMPILHAMENTO , TIPO: SWITCH GERENCIÁVEL ;618773;null;;CONJUNTO;CJ;0;4;2.470,00;0;3,01908E+13;BLUEPOINT COMERCIO E SERVICOS EM TI LTDA;ARUBA;135031;EMBRAPA CLIMA TEMPERADO/PELOTAS/RS;4314407;PELOTAS;RS;22202;EMPRESA BRASILEIRA DE PESQUISA AGROPECUARIA;E;F;27/11/2024;2025-11-28T03:30:17.110559;2025-11-28T04:00:00.002241;27/11/2024;2026-01-30T10:02;7050;EQUIPAMENTOS DE REDE DE TIC - LOCAL E REMOTA;;;
18028405900062024;6393608;SISPP;5;V;10;SWITCH, QUANTIDADE PORTAS: 24 UN, TIPO PORTAS: GIGABIT ETHERNET , VELOCIDADE PORTA: 1000 MBPS , ALIMENTAÇÃO: 110/220 V, CARACTERÍSTICAS ADICIONAIS: 50 CM DE CABO DE EMPILHAMENTO , TIPO: SWITCH GERENCIÁVEL ;618773;null;;UNIDADE;UN;0;5;1.190,89;0;5,25048E+13;LEGACY DISTRIBUIDORA DE INFORMATICA E ELETROELETRONICOS LTDA;STROND SG2404;180284;ESP-DELEG.SECC.POLICIA DE SAO SEBASTIAO;3550704;SÃO SEBASTIÃO;SP;95559;ESP-SECRETARIA DA SEGURANCA PUBLICA;E;E;22/10/2024;2025-10-23T03:30:00.009297;2025-10-23T04:00:00.016403;22/10/2024;2024-03-22T09:57;7050;EQUIPAMENTOS DE REDE DE TIC - LOCAL E REMOTA;;;
93010506000672024;6349851;SISPP;6; ;1;SWITCH, QUANTIDADE PORTAS: 24 UN, TIPO PORTAS: GIGABIT ETHERNET , VELOCIDADE PORTA: 1000 MBPS , ALIMENTAÇÃO: 110/220 V, CARACTERÍSTICAS ADICIONAIS: 50 CM DE CABO DE EMPILHAMENTO , TIPO: SWITCH GERENCIÁVEL ;618773;null;;UNIDADE;UN;0;5;2.170,00;0;1,99324E+13;LC DE CAMARGO INFORMATICA LTDA;All need;930105;CAMARA MUNICIPAL DE JACAREÍ - SP;3524402;JACAREÍ;SP;95865;CAMARA MUNICIPAL DE JACAREÍ - SP;;M;09/10/2024;2025-10-10T03:38:37.709257;2025-10-11T04:00:00.003420;10/10/2024;2024-03-30T15:14;7050;EQUIPAMENTOS DE REDE DE TIC - LOCAL E REMOTA;;;
18029506900072024;5869398;SISPP;6;1;1;SWITCH, QUANTIDADE PORTAS: 24 UN, TIPO PORTAS: GIGABIT ETHERNET , VELOCIDADE PORTA: 1000 MBPS , ALIMENTAÇÃO: 110/220 V, CARACTERÍSTICAS ADICIONAIS: 50 CM DE CABO DE EMPILHAMENTO , TIPO: SWITCH GERENCIÁVEL ;618773;null;;UNIDADE;UN;0;14;581,49;0;3,43542E+13;PUBLIC SHOP ELETRO ELETRONICOS LTDA;TP-LINK;180295;ESP-DELEG.SECC.POLICIA DE BEBEDOURO;3506102;BEBEDOURO;SP;95559;ESP-SECRETARIA DA SEGURANCA PUBLICA;E;E;16/09/2024;2025-09-17T03:39:34.139620;2025-09-17T04:00:00.003101;16/09/2024;2024-03-22T09:57;7050;EQUIPAMENTOS DE REDE DE TIC - LOCAL E REMOTA;;;
79570006900072024;5759373;SISPP;6;1;1;SWITCH, QUANTIDADE PORTAS: 24 UN, TIPO PORTAS: GIGABIT ETHERNET , VELOCIDADE PORTA: 1000 MBPS , ALIMENTAÇÃO: 110/220 V, CARACTERÍSTICAS ADICIONAIS: 50 CM DE CABO DE EMPILHAMENTO , TIPO: SWITCH GERENCIÁVEL ;618773;null;;UNIDADE;UN;0;1;1.000,00;0;3,53806E+13;ERAGON COMERCIO E SERVICOS DE INFORMATICA E PAPELARIA LTDA;TR;795700;BATALHãO DE COMBATE AéREO;3304557;RIO DE JANEIRO;RJ;52131;COMANDO DA MARINHA;E;F;02/09/2024;2025-09-03T03:30:12.273977;2025-09-03T04:00:00.003319;02/09/2024;2025-08-21T09:46;7050;EQUIPAMENTOS DE REDE DE TIC - LOCAL E REMOTA;;;
38020806900172024;5624573;SISPP;6;1;11;SWITCH, QUANTIDADE PORTAS: 24 UN, TIPO PORTAS: GIGABIT ETHERNET , VELOCIDADE PORTA: 1000 MBPS , ALIMENTAÇÃO: 110/220 V, CARACTERÍSTICAS ADICIONAIS: 50 CM DE CABO DE EMPILHAMENTO , TIPO: SWITCH GERENCIÁVEL ;618773;null;;UNIDADE;UN;0;2;1.100,00;0;1,55282E+13;HBI SOLUCOES EM SISTEMAS ELETRICOS E REDES DE COMUNICACAO LTDA;TP-Link;380208;ESP-HOSPITAL CUSTO E TRAT.PSIQUIAT.II,F.ROCHA;3516408;FRANCO DA ROCHA;SP;95602;ESP-SECRETARIA ADMINISTRACAO PENITENCIARIA;E;E;16/08/2024;2025-08-17T03:30:00.001070;2025-08-17T04:00:00.005646;16/08/2024;2024-03-25T15:15;7050;EQUIPAMENTOS DE REDE DE TIC - LOCAL E REMOTA;;;
98766305900992025;10839380;SISPP;5;V;9;UNIDADE DISCO, TIPO: DISCO SSD , CAPACIDADE: 256 GB, VELOCIDADE: 500 MB/S, CARACTERÍSTICAS ADICIONAIS: Gravação 450 MB/s ;631098;null;;UNIDADE;UN;0;100;249,99;0;5,0958E+13;LICITA SHOP COMERCIO E SERVICOS LTDA;KAPBOM KNUP ALTOMEX;987663;PREFEITURA MUNICIPAL DE LOANDA;4113502;LOANDA;PR;96186;PREFEITURA MUNICIPAL DE LOANDA;E;M;04/02/2026;2026-02-14T01:10:07.280528;2026-02-14T03:00:37.091748;04/02/2026;2024-03-05T13:13;7030;EQUIPAMENTOS DE ARMAZENAMENTO DE DADOS;;;
37305706000042025;10617961;SISPP;6;1;9;UNIDADE DISCO, TIPO: DISCO SSD , CAPACIDADE: 256 GB, VELOCIDADE: 500 MB/S, CARACTERÍSTICAS ADICIONAIS: Gravação 450 MB/s ;631098;null;;UNIDADE;UN;0;30;165,96;0;5,78284E+13;57.828.448 KAYLA DOS REIS DUTRA;UNIDADE ;373057;SUPERINT.ESTADUAL DO E.SANTO-INCRA/SR-20/ES;3205200;VILA VELHA;ES;22201;INSTIT. NAC. DE COLONIZACAO E REFORMA AGRARIA;E;F;26/11/2025;2026-01-01T02:16:55.010334;2026-01-01T03:17:32.841915;31/12/2025;2026-02-06T17:14;7030;EQUIPAMENTOS DE ARMAZENAMENTO DE DADOS;;;
98343105900272025;10348970;SISRP;5;V;27;UNIDADE DISCO, TIPO: DISCO SSD , CAPACIDADE: 256 GB, VELOCIDADE: 500 MB/S, CARACTERÍSTICAS ADICIONAIS: Gravação 450 MB/s ;631098;null;;UNIDADE;UN;0;35;210;0;2,26804E+13;JOSE BORGES RAMOS;sandisk;983431;PREFEITURA MUNICIPAL DE CANDIBA - BA;2906600;CANDIBA;BA;95010;PREFEITURA MUNICIPAL DE CANDIBA - BA;E;M;26/12/2025;2025-12-27T01:10:06.638842;2025-12-27T03:00:42.116975;26/12/2025;2024-04-14T15:14;7030;EQUIPAMENTOS DE ARMAZENAMENTO DE DADOS;;;
98444505901412025;10555856;SISRP;5;V;31;UNIDADE DISCO, TIPO: DISCO SSD , CAPACIDADE: 256 GB, VELOCIDADE: 500 MB/S, CARACTERÍSTICAS ADICIONAIS: Gravação 450 MB/s ;631098;null;;UNIDADE;UN;0;100;170;0;3,32793E+13;G.I COMERCIO E SOLUCOES TECNOLOGICAS LTDA;SSD Alltek 2.5 SATA;984445;PREFEITURA MUNICIPAL DE DIVINÓPOLIS - MG;3122306;DIVINÓPOLIS;MG;99370;PREFEITURA MUNICIPAL DE DIVINÓPOLIS - MG;E;M;22/12/2025;2025-12-23T01:10:11.241804;2025-12-23T03:02:44.061499;22/12/2025;2024-04-13T15:14;7030;EQUIPAMENTOS DE ARMAZENAMENTO DE DADOS;;;
37306706000302025;10368723;SISPP;6;1;7;UNIDADE DISCO, TIPO: DISCO SSD , CAPACIDADE: 256 GB, VELOCIDADE: 500 MB/S, CARACTERÍSTICAS ADICIONAIS: Gravação 450 MB/s ;631098;null;;UNIDADE;UN;0;28;134;0;5,52617E+13;FORTALEZA COMERCIO E SERVICOS LTDA;ceamere;373067;SUPERINTENDENCIA REGIONAL DO INCRA/PR;4106902;CURITIBA;PR;22201;INSTIT. NAC. DE COLONIZACAO E REFORMA AGRARIA;E;F;23/11/2025;2025-12-04T02:18:04.123982;2025-12-04T03:20:47.128737;03/12/2025;2026-02-02T09:05;7030;EQUIPAMENTOS DE ARMAZENAMENTO DE DADOS;;;
77100006000792025;10354154;SISPP;6;1;1;UNIDADE DISCO, TIPO: DISCO SSD , CAPACIDADE: 256 GB, VELOCIDADE: 500 MB/S, CARACTERÍSTICAS ADICIONAIS: Gravação 450 MB/s ;631098;null;;UNIDADE;UN;0;50;150;0;5,77482E+13;57.748.197 CAIQUE NASCIMENTO DE OLIVEIRA;conforme tr;771000;DIRETORIA DE ABASTECIMENTO DA MARINHA;3304557;RIO DE JANEIRO;RJ;52131;COMANDO DA MARINHA;E;F;26/11/2025;2025-12-03T02:19:29.602429;2025-12-03T03:25:08.558329;02/12/2025;2025-11-17T14:38;7030;EQUIPAMENTOS DE ARMAZENAMENTO DE DADOS;;;
79190006000042025;10271341;SISPP;6;1;1;UNIDADE DISCO, TIPO: DISCO SSD , CAPACIDADE: 256 GB, VELOCIDADE: 500 MB/S, CARACTERÍSTICAS ADICIONAIS: Gravação 450 MB/s ;631098;null;;UNIDADE;UN;0;10;150;0;05965179000135;DF CARTUCHOS COMERCIO DE INFORMATICA LTDA;GOLDENFIR;791900;COMANDO DA 2 DIVISãO DA ESQUADRA;3303302;NITERÓI;RJ;52131;COMANDO DA MARINHA;E;F;18/11/2025;2025-11-26T02:18:55.504012;2025-11-26T03:34:42.247303;25/11/2025;2025-08-21T10:58;7030;EQUIPAMENTOS DE ARMAZENAMENTO DE DADOS;;;
78600006000262025;10250467;SISPP;6;1;3;UNIDADE DISCO, TIPO: DISCO SSD , CAPACIDADE: 256 GB, VELOCIDADE: 500 MB/S, CARACTERÍSTICAS ADICIONAIS: Gravação 450 MB/s ;631098;null;;UNIDADE;UN;0;7;152,77;0;4,21038E+13;ELETRICA VECCHIA ROMA LTDA M E;ceamere;786000;COMANDO DO 6.DISTRITO NAVAL;5002704;CAMPO GRANDE;MS;52131;COMANDO DA MARINHA;E;F;13/11/2025;2025-11-25T02:18:29.359938;2025-11-25T03:30:22.451501;24/11/2025;2025-08-21T09:33;7030;EQUIPAMENTOS DE ARMAZENAMENTO DE DADOS;;;
10233306001602025;10247764;SISPP;6;1;10;UNIDADE DISCO, TIPO: DISCO SSD , CAPACIDADE: 256 GB, VELOCIDADE: 500 MB/S, CARACTERÍSTICAS ADICIONAIS: Gravação 450 MB/s ;631098;null;;UNIDADE;UN;0;5;163;0;5,32495E+13;SISTECNICA INFORMATICA E SERVICOS LTDA;Keepdata KDNV256G-J12;102333;ESP-UNESP-FACULDADE DE CIENCIAS-C.BAURU;3506003;BAURU;SP;95571;ESP-UNIV EST PAUL.JULIO MESQ.FILHO-UNESP;E;E;10/11/2025;2025-11-25T02:18:28.548558;2025-11-25T03:17:27.730540;24/11/2025;2024-03-14T14:22;7030;EQUIPAMENTOS DE ARMAZENAMENTO DE DADOS;;;
79119106000662025;10229430;SISPP;6;1;10;UNIDADE DISCO, TIPO: DISCO SSD , CAPACIDADE: 256 GB, VELOCIDADE: 500 MB/S, CARACTERÍSTICAS ADICIONAIS: Gravação 450 MB/s ;631098;null;;UNIDADE;UN;0;40;147,99;0;5,48268E+13;VIP IMPORTACAO E COMERCIO DE PRODUTOS LTDA;KEEPDATA;791191;POLICLINICA NAVAL DE SAO PEDRO D'ALDEIA;3305208;SÃO PEDRO DA ALDEIA;RJ;52131;COMANDO DA MARINHA;E;F;12/11/2025;2025-11-20T02:18:50.925103;2025-11-20T03:27:23.008667;19/11/2025;2025-08-21T09:43;7030;EQUIPAMENTOS DE ARMAZENAMENTO DE DADOS;;;
92715906000262025;10157716;SISPP;6;0;10;UNIDADE DISCO, TIPO: DISCO SSD , CAPACIDADE: 256 GB, VELOCIDADE: 500 MB/S, CARACTERÍSTICAS ADICIONAIS: Gravação 450 MB/s ;631098;null;;UNIDADE;UN;0;5;220;0;3,15958E+13;31.595.794 SILVANA LIGIA LOUREIRO FRANCA DE MENDONCA;KINGSTON;927159;CONSELHO REGIONAL DE ODONTOLOGIA - PB;2507507;JOÃO PESSOA;PB;38745;CONSELHO REGIONAL DE ODONTOLOGIA - PB;E;F;12/11/2025;2025-11-14T02:18:45.925065;2025-11-14T03:24:38.012551;13/11/2025;2023-09-08T09:22;7030;EQUIPAMENTOS DE ARMAZENAMENTO DE DADOS;;;
16051206000772025;10158214;SISPP;6;0;1;UNIDADE DISCO, TIPO: DISCO SSD , CAPACIDADE: 256 GB, VELOCIDADE: 500 MB/S, CARACTERÍSTICAS ADICIONAIS: Gravação 450 MB/s ;631098;null;;UNIDADE;UN;0;18;145,99;0;5,96783E+13;59.678.313 MATHEUS DIAS DOS SANTOS;MARKVISION;160512;MEX-20REGIMENTO DE CAVALARIA BLINDADO/MS;5002704;CAMPO GRANDE;MS;52121;COMANDO DO EXERCITO;E;F;12/11/2025;2025-11-14T02:18:47.980415;2025-11-14T03:26:16.725509;13/11/2025;2026-02-02T12:34;7030;EQUIPAMENTOS DE ARMAZENAMENTO DE DADOS;;;
16051206000622025;10060929;SISPP;6;1;1;UNIDADE DISCO, TIPO: DISCO SSD , CAPACIDADE: 256 GB, VELOCIDADE: 500 MB/S, CARACTERÍSTICAS ADICIONAIS: Gravação 450 MB/s ;631098;null;;UNIDADE;UN;0;12;145,99;0;5,96783E+13;59.678.313 MATHEUS DIAS DOS SANTOS;MARKVISION;160512;MEX-20REGIMENTO DE CAVALARIA BLINDADO/MS;5002704;CAMPO GRANDE;MS;52121;COMANDO DO EXERCITO;E;F;22/10/2025;2025-11-06T02:18:14.451248;2025-11-06T03:21:46.498232;05/11/2025;2026-02-02T12:34;7030;EQUIPAMENTOS DE ARMAZENAMENTO DE DADOS;;;
78851106000112025;9951103;SISPP;6;1;6;UNIDADE DISCO, TIPO: DISCO SSD , CAPACIDADE: 256 GB, VELOCIDADE: 500 MB/S, CARACTERÍSTICAS ADICIONAIS: Gravação 450 MB/s ;631098;null;;UNIDADE;UN;0;4;137;0;5,24392E+13;UP CENTER COMERCIO DE ELETRONICOS LTDA;UP;788511;"NAVIO HIDROCEANOGRÁFICO FLUVIAL """"RIO BRANCO""""";1302603;MANAUS;AM;52131;COMANDO DA MARINHA;E;F;15/10/2025;2025-10-26T02:15:24.687796;2025-10-26T03:15:10.333631;25/10/2025;2025-08-21T13:52;7030;EQUIPAMENTOS DE ARMAZENAMENTO DE DADOS;;;
16049206005302025;9873776;SISPP;6;1;3;UNIDADE DISCO, TIPO: DISCO SSD , CAPACIDADE: 256 GB, VELOCIDADE: 500 MB/S, CARACTERÍSTICAS ADICIONAIS: Gravação 450 MB/s ;631098;null;;UNIDADE;UN;0;20;22;0;6,16154E+13;61.615.420 VANESSA FERRAZ MAFRA LOPES;AMORA INC.;160492;E REG OP CARRO PIPA/7 BRIG INF MOTORIZADA;2408102;NATAL;RN;52121;COMANDO DO EXERCITO;E;F;01/10/2025;2025-10-21T02:18:30.706759;2025-10-21T03:19:07.743669;20/10/2025;2025-08-22T13:03;7030;EQUIPAMENTOS DE ARMAZENAMENTO DE DADOS;;;
15858106000232025;9823192;SISPP;6;1;2;UNIDADE DISCO, TIPO: DISCO SSD , CAPACIDADE: 256 GB, VELOCIDADE: 500 MB/S, CARACTERÍSTICAS ADICIONAIS: Gravação 450 MB/s ;631098;null;;UNIDADE;UN;0;10;159;0;2,89642E+13;28.964.155 SILVIA APARECIDA FORTUNATO;adata;158581;INST.FEDERAL DE SÃO PAULO/CAMPUS ARARAQUARA;3503208;ARARAQUARA;SP;26439;INST.FED.DE EDUC.,CIENC.E TEC. DE SÃO PAULO;E;F;25/09/2025;2025-10-16T02:18:09.520234;2025-10-16T03:17:47.434913;15/10/2025;2015-11-26T08:44;7030;EQUIPAMENTOS DE ARMAZENAMENTO DE DADOS;;;
98209505900702025;9803057;SISRP;5;V;108;UNIDADE DISCO, TIPO: DISCO SSD , CAPACIDADE: 256 GB, VELOCIDADE: 500 MB/S, CARACTERÍSTICAS ADICIONAIS: Gravação 450 MB/s ;631098;null;;UNIDADE;UN;0;14;249;0;1,45297E+13;FIT INFORMATICA LTDA;HIKESEMI;982095;PREFEITURA MUNICIPAL DE MONTEIRO - PB;2509701;MONTEIRO;PB;98924;PREFEITURA MUNICIPAL DE MONTEIRO - PB;E;M;14/10/2025;2025-10-15T01:10:15.032076;2025-10-15T03:11:00.923091;14/10/2025;2024-04-18T12:21;7030;EQUIPAMENTOS DE ARMAZENAMENTO DE DADOS;;;
92804805900332025;9787086;SISRP;5;V;22;UNIDADE DISCO, TIPO: DISCO SSD , CAPACIDADE: 256 GB, VELOCIDADE: 500 MB/S, CARACTERÍSTICAS ADICIONAIS: Gravação 450 MB/s ;631098;null;;UNIDADE;UN;0;20;127,98;0;6,16154E+13;61.615.420 VANESSA FERRAZ MAFRA LOPES;ENTERPRISE 256 i;928048;FUNDAÇÃO DE ASSIST.SOCIAL DE CAXIAS DO SUL-RS;4305108;CAXIAS DO SUL;RS;96387;FUNDAÇÃO DE ASSIST.SOCIAL DE CAXIAS DO SUL;E;M;13/10/2025;2025-10-14T01:10:11.039119;2025-10-14T03:04:45.633831;13/10/2025;2024-03-31T15:14;7030;EQUIPAMENTOS DE ARMAZENAMENTO DE DADOS;;;
15306306007652025;9680186;SISPP;6;0;3;UNIDADE DISCO, TIPO: DISCO SSD , CAPACIDADE: 256 GB, VELOCIDADE: 500 MB/S, CARACTERÍSTICAS ADICIONAIS: Gravação 450 MB/s ;631098;null;;UNIDADE;UN;0;2;1.355,00;0;2,09354E+13;20.935.358 ODETE CRISTINA DA SILVA ROSA;SEM MARCA;153063;UNIVERSIDADE FEDERAL DO PARA/PA;1501402;BELÉM;PA;26239;UNIVERSIDADE FEDERAL DO PARA;E;F;01/10/2025;2025-10-03T02:17:39.385541;2025-10-03T03:47:14.638799;02/10/2025;2025-07-07T15:16;7030;EQUIPAMENTOS DE ARMAZENAMENTO DE DADOS;;;
37303206000092025;9699339;SISPP;6;0;3;UNIDADE DISCO, TIPO: DISCO SSD , CAPACIDADE: 256 GB, VELOCIDADE: 500 MB/S, CARACTERÍSTICAS ADICIONAIS: Gravação 450 MB/s ;631098;null;;UNIDADE;UN;0;4;290,6;0;09622953000166;FLASH DISTRIBUIDORA E SERVICOS LTDA;s/m;373032;PROJETO FUNDIARIO ALTAMIRA-ALTAMIRA/PA;1500602;ALTAMIRA;PA;22201;INSTIT. NAC. DE COLONIZACAO E REFORMA AGRARIA;E;F;02/10/2025;2025-10-04T02:17:34.216942;2025-10-04T03:25:33.156368;01/10/2025;2023-08-08T09:48;7030;EQUIPAMENTOS DE ARMAZENAMENTO DE DADOS;;;
92697606000472025;9632410;SISPP;6;0;1;UNIDADE DISCO, TIPO: DISCO SSD , CAPACIDADE: 256 GB, VELOCIDADE: 500 MB/S, CARACTERÍSTICAS ADICIONAIS: Gravação 450 MB/s ;631098;null;;UNIDADE;UN;0;30;162;0;3,40224E+13;ZS INFORMATICA LTDA;HIKSEMI;926976;EPR - INSTITUTO DE PESOS E MEDIDAS DO ESTADO;4106902;CURITIBA;PR;99696;EPR - INSTITUTO DE PESOS E MEDIDAS DO ESTADO;E;E;28/09/2025;2025-09-30T02:18:16.434113;2025-10-01T13:36:26.909493;29/09/2025;2024-10-12T11:09;7030;EQUIPAMENTOS DE ARMAZENAMENTO DE DADOS;;;
9,29716E+16;10913093;SISPP;6;1;50;"MEMÓRIA RAM, REFERÊNCIA: PC3-12800 , APLICAÇÃO: MICROCOMPUTADORES , CAPACIDADE MEMÓRIA: 8 GB, PADRÃO: DDR3""";" 1600 Mhz""";" 240-Pinos"""; CL-11 ;632556;null;;UNIDADE;UN;0;5;176;0;5,96481E+13;SOLUCOES COMERCIO E SERVICO LTDA;TR;929716;FUNDAÇÃO INST.POLO AVANÇ.SAÚDE DE RIB.PRETO;3543402;RIBEIRÃO PRETO;SP;96048;FUNDAÇÃO INST.POLO AVANÇ.SAÚDE DE RIB.PRETO;E;M;01/02/2026;2026-02-13T02:19:56.348566;2026-02-13T03:22:27.551021;12/02/2026;2024-03-24T15:14;7060;PEÇAS E ACESSÓRIOS PARA COMPUTADORES
4,53714E+16;10891272;SISPP;5;V;5;"MEMÓRIA RAM, REFERÊNCIA: PC3-12800 , APLICAÇÃO: MICROCOMPUTADORES , CAPACIDADE MEMÓRIA: 8 GB, PADRÃO: DDR3""";" 1600 Mhz""";" 240-Pinos"""; CL-11 ;632556;null;;UNIDADE;UN;0;100;135;0;5,92186E+13;ALFA COMERCIAL LTDA;memoria ram;453714;FUNDAÇÃO DE APOIO À PESQ. AO ENS. E À CULTURA;5002704;CAMPO GRANDE;MS;97186;FUNDAÇÃO DE APOIO À PESQ. AO ENS. E À CULTURA;E;M;10/02/2026;2026-02-11T01:10:07.790622;2026-02-11T03:04:10.392629;10/02/2026;2024-04-13T15:14;7060;PEÇAS E ACESSÓRIOS PARA COMPUTADORES
9,87971E+16;10869126;SISRP;5;V;12;"MEMÓRIA RAM, REFERÊNCIA: PC3-12800 , APLICAÇÃO: MICROCOMPUTADORES , CAPACIDADE MEMÓRIA: 8 GB, PADRÃO: DDR3""";" 1600 Mhz""";" 240-Pinos"""; CL-11 ;632556;null;;UNIDADE;UN;0;50;229;0;2,10904E+13;E.TECH BRASIL TECNOLOGIA E EDUCACAO LTDA;8BG DDR3;987971;PREFEITURA MUNICIPAL DE SANTA HELENA - PR;4123501;SANTA HELENA;PR;98137;PREFEITURA DE SANTA HELENA - PR;E;M;06/02/2026;2026-02-07T01:10:07.663319;2026-02-07T03:04:30.209948;06/02/2026;2024-04-06T15:14;7060;PEÇAS E ACESSÓRIOS PARA COMPUTADORES
9,88675E+16;10709628;SISRP;5;V;31;"MEMÓRIA RAM, REFERÊNCIA: PC3-12800 , APLICAÇÃO: MICROCOMPUTADORES , CAPACIDADE MEMÓRIA: 8 GB, PADRÃO: DDR3""";" 1600 Mhz""";" 240-Pinos"""; CL-11 ;632556;null;;UNIDADE;UN;0;10;112,75;0;5,0958E+13;LICITA SHOP COMERCIO E SERVICOS LTDA;8GB 1600MHZ;988675;PREFEITURA MUNICIPAL DE SÃO VICENTE DO SUL-RS;4319802;SÃO VICENTE DO SUL;RS;96803;PREFEITURA MUNICIPAL DE SÃO VICENTE DO SUL-RS;E;M;16/01/2026;2026-01-17T01:10:06.635632;2026-01-17T03:01:05.195515;16/01/2026;2024-03-31T15:14;7060;PEÇAS E ACESSÓRIOS PARA COMPUTADORES
3,80197E+16;10571640;SISPP;5;V;24;"MEMÓRIA RAM, REFERÊNCIA: PC3-12800 , APLICAÇÃO: MICROCOMPUTADORES , CAPACIDADE MEMÓRIA: 8 GB, PADRÃO: DDR3""";" 1600 Mhz""";" 240-Pinos"""; CL-11 ;632556;null;;UNIDADE;UN;0;20;162;0;6,25172E+13;SGMAX TECNOLOGIA E COMERCIO LTDA;8GB ? SGMAX ? MOD SG;380197;ESP-PENITENCIARIA I DE SERRA AZUL;3551405;SERRA AZUL;SP;95602;ESP-SECRETARIA ADMINISTRACAO PENITENCIARIA;E;E;23/12/2025;2025-12-31T01:10:08.364878;2025-12-31T03:01:29.470889;23/12/2025;2024-03-25T15:15;7060;PEÇAS E ACESSÓRIOS PARA COMPUTADORES
9,29576E+16;10497715;SISRP;5;V;23;"MEMÓRIA RAM, REFERÊNCIA: PC3-12800 , APLICAÇÃO: MICROCOMPUTADORES , CAPACIDADE MEMÓRIA: 8 GB, PADRÃO: DDR3""";" 1600 Mhz""";" 240-Pinos"""; CL-11 ;632556;null;;UNIDADE;UN;0;10;103,97;0;4,69633E+13;46.963.303 PEDRO PUERTAS SILVEIRA;8GB DDR3 1600;929576;EPR-CONSÓRCIO INTERM.S.DO N.PR DE C.PROCÓPIO;4106407;CORNÉLIO PROCÓPIO;PR;96203;EPR-CONSÓRCIO INTERM.S.DO N.PR DE C.PROCÓPIO;E;E;19/12/2025;2025-12-20T01:10:13.530713;2025-12-20T03:04:17.893343;19/12/2025;2025-02-28T15:20;7060;PEÇAS E ACESSÓRIOS PARA COMPUTADORES
7,71E+16;10354157;SISPP;6;1;4;"MEMÓRIA RAM, REFERÊNCIA: PC3-12800 , APLICAÇÃO: MICROCOMPUTADORES , CAPACIDADE MEMÓRIA: 8 GB, PADRÃO: DDR3""";" 1600 Mhz""";" 240-Pinos"""; CL-11 ;632556;null;;UNIDADE;UN;0;32;90,36;0;3,32751E+13;SUPER LICITE LICITACOES LTDA;Crucial ou equivalente;771000;DIRETORIA DE ABASTECIMENTO DA MARINHA;3304557;RIO DE JANEIRO;RJ;52131;COMANDO DA MARINHA;E;F;26/11/2025;2025-12-03T02:19:29.602429;2025-12-03T03:25:08.727102;02/12/2025;2025-11-17T14:38;7060;PEÇAS E ACESSÓRIOS PARA COMPUTADORES
4,54524E+16;10346919;SISRP;5;V;10;"MEMÓRIA RAM, REFERÊNCIA: PC3-12800 , APLICAÇÃO: MICROCOMPUTADORES , CAPACIDADE MEMÓRIA: 8 GB, PADRÃO: DDR3""";" 1600 Mhz""";" 240-Pinos"""; CL-11 ;632556;null;;UNIDADE;UN;0;2;589,73;0;1,17798E+12;MASTERTEC TECNOLOGIA E SERVICOS ESPECIALIZADOS LTDA;DDR4 32GB 3200MHz No;454524;PREFEITURA MUNICIPAL DE MARMELEIRO - PR;4115408;MARMELEIRO;PR;97915;PREFEITURA DE MARMELEIRO - PR;E;M;02/12/2025;2025-12-03T01:10:13.123269;2025-12-03T03:02:47.180025;02/12/2025;2023-06-16T15:04;7060;PEÇAS E ACESSÓRIOS PARA COMPUTADORES
9,81981E+16;10196890;SISPP;6;0;4;"MEMÓRIA RAM, REFERÊNCIA: PC3-12800 , APLICAÇÃO: MICROCOMPUTADORES , CAPACIDADE MEMÓRIA: 8 GB, PADRÃO: DDR3""";" 1600 Mhz""";" 240-Pinos"""; CL-11 ;632556;null;;UNIDADE;UN;0;40;90;0;3,5509E+13;35.508.994 RENATO RAMOS MARTINS;MEMÓRIA 8GB DDR3 1600MHZ ;981981;PREFEITURA MUNICIPAL DE CAMPINA GRANDE - PB;2504009;CAMPINA GRANDE;PB;94606;PREFEITURA MUNICIPAL DE CAMPINA GRANDE - PB;E;M;16/11/2025;2025-11-18T02:36:24.534102;2025-11-18T03:26:38.260202;17/11/2025;2024-04-07T15:14;7060;PEÇAS E ACESSÓRIOS PARA COMPUTADORES
3,80225E+16;10103611;SISPP;6;0;10;"MEMÓRIA RAM, REFERÊNCIA: PC3-12800 , APLICAÇÃO: MICROCOMPUTADORES , CAPACIDADE MEMÓRIA: 8 GB, PADRÃO: DDR3""";" 1600 Mhz""";" 240-Pinos"""; CL-11 ;632556;null;;UNIDADE;UN;0;15;120;0;1,81635E+13;ANDRE RIBEIRO DE LIMA - SISTEMAS;D-link;380225;ESP-CTO DETENCAO PROVISORIA DE MAUA;3529401;MAUÁ;SP;95602;ESP-SECRETARIA ADMINISTRACAO PENITENCIARIA;E;E;09/11/2025;2025-11-11T02:18:17.950800;2025-11-11T03:17:51.985811;10/11/2025;2024-03-25T15:15;7060;PEÇAS E ACESSÓRIOS PARA COMPUTADORES
1,80101E+16;10087212;SISPP;5;V;25;"MEMÓRIA RAM, REFERÊNCIA: PC3-12800 , APLICAÇÃO: MICROCOMPUTADORES , CAPACIDADE MEMÓRIA: 8 GB, PADRÃO: DDR3""";" 1600 Mhz""";" 240-Pinos"""; CL-11 ;632556;null;;UNIDADE;UN;0;38;70;0;4,66606E+13;SALILE MULTI MIX COMERCIO LTDA;RISEMODE;180101;ESP-GABINETE DO SECRETARIO E ASSES.SEC.S.PUBL;3550308;SÃO PAULO;SP;95559;ESP-SECRETARIA DA SEGURANCA PUBLICA;E;E;07/11/2025;2025-11-08T01:10:10.985455;2025-11-08T03:05:42.351097;07/11/2025;2024-03-22T09:57;7060;PEÇAS E ACESSÓRIOS PARA COMPUTADORES
1,80101E+16;10087240;SISPP;5;V;53;"MEMÓRIA RAM, REFERÊNCIA: PC3-12800 , APLICAÇÃO: MICROCOMPUTADORES , CAPACIDADE MEMÓRIA: 8 GB, PADRÃO: DDR3""";" 1600 Mhz""";" 240-Pinos"""; CL-11 ;632556;null;;UNIDADE;UN;0;12;70;0;4,66606E+13;SALILE MULTI MIX COMERCIO LTDA;RISEMODE;180101;ESP-GABINETE DO SECRETARIO E ASSES.SEC.S.PUBL;3550308;SÃO PAULO;SP;95559;ESP-SECRETARIA DA SEGURANCA PUBLICA;E;E;07/11/2025;2025-11-08T01:10:10.985455;2025-11-08T03:05:43.515976;07/11/2025;2024-03-22T09:57;7060;PEÇAS E ACESSÓRIOS PARA COMPUTADORES
3,8027E+16;10040996;SISPP;5;V;2;"MEMÓRIA RAM, REFERÊNCIA: PC3-12800 , APLICAÇÃO: MICROCOMPUTADORES , CAPACIDADE MEMÓRIA: 8 GB, PADRÃO: DDR3""";" 1600 Mhz""";" 240-Pinos"""; CL-11 ;632556;null;;UNIDADE;UN;0;20;54,8;0;6,25172E+13;SGMAX TECNOLOGIA E COMERCIO LTDA;8GB ? SGMAX ? MOD SG;380270;ESP-PENIT. FEMININA DE VOTORANTIM;3557006;VOTORANTIM;SP;95602;ESP-SECRETARIA ADMINISTRACAO PENITENCIARIA;E;E;04/11/2025;2025-11-14T01:10:12.095131;2025-11-14T03:08:17.607642;04/11/2025;2024-03-25T16:09;7060;PEÇAS E ACESSÓRIOS PARA COMPUTADORES
9,31465E+16;10041480;SISPP;6;0;4;"MEMÓRIA RAM, REFERÊNCIA: PC3-12800 , APLICAÇÃO: MICROCOMPUTADORES , CAPACIDADE MEMÓRIA: 8 GB, PADRÃO: DDR3""";" 1600 Mhz""";" 240-Pinos"""; CL-11 ;632556;null;;UNIDADE;UN;0;5;175;0;7,23508E+12;GUSTAVO CAVALCANTE NOLETO;s/m;931465;POLÍCIA MILITAR DO PIAUÍ/PI;2211001;TERESINA;PI;85398;POLÍCIA MILITAR DO PIAUÍ/PI;E;E;03/11/2025;2025-11-05T02:18:35.934283;2025-11-05T03:16:01.019283;31/10/2025;2024-06-10T13:11;7060;PEÇAS E ACESSÓRIOS PARA COMPUTADORES
1,58122E+16;9996621;SISPP;6;0;3;"MEMÓRIA RAM, REFERÊNCIA: PC3-12800 , APLICAÇÃO: MICROCOMPUTADORES , CAPACIDADE MEMÓRIA: 8 GB, PADRÃO: DDR3""";" 1600 Mhz""";" 240-Pinos"""; CL-11 ;632556;null;;UNIDADE;UN;0;26;74,75;0;5,07315E+13;SO MEMORIAS COMERCIO DE PRODUTOS DE INFORMATICA LTDA;Kingston - KVR16LS11/8;158122;INST.FED.DE EDUC.,CIENCIA E TECNOLOGIA DE MG;3106200;BELO HORIZONTE;MG;26409;INST.FED.DE EDUC.,CIENC.E TEC.DE MINAS GERAIS;E;F;29/10/2025;2025-10-31T02:18:45.132351;2025-10-31T03:15:04.130146;30/10/2025;2025-12-23T17:08;7060;PEÇAS E ACESSÓRIOS PARA COMPUTADORES
1,58122E+16;9996688;SISPP;6;0;4;"MEMÓRIA RAM, REFERÊNCIA: PC3-12800 , APLICAÇÃO: MICROCOMPUTADORES , CAPACIDADE MEMÓRIA: 8 GB, PADRÃO: DDR3""";" 1600 Mhz""";" 240-Pinos"""; CL-11 ;632556;null;;UNIDADE;UN;0;42;74,75;0;5,07315E+13;SO MEMORIAS COMERCIO DE PRODUTOS DE INFORMATICA LTDA;Kingston - KVR16LS11/8;158122;INST.FED.DE EDUC.,CIENCIA E TECNOLOGIA DE MG;3106200;BELO HORIZONTE;MG;26409;INST.FED.DE EDUC.,CIENC.E TEC.DE MINAS GERAIS;E;F;29/10/2025;2025-10-31T02:18:45.132351;2025-10-31T03:15:34.739261;30/10/2025;2025-12-23T17:08;7060;PEÇAS E ACESSÓRIOS PARA COMPUTADORES
92614906000112025;10756578;SISPP;6;1;2;"EQUIPAMENTO WIRELESS, PADRÃO: IEEE 802.11ax (Wi-Fi 6) , TAXA TRANSMISSÃO: 574 Mbps - 1201 Mbps MBPS, FREQUÊNCIA: 2.4 GHz - 5 GHZ, APLICAÇÃO: CONTROLE DE REDE WI FI , CONEXÃO: RJ-45 c/PoE+ (802.3at) , CARACTERÍSTICAS ADICIONAIS: Dual-Band""";" Mínima de 1775 Mbps (AX1800)"""; Teto/ , TIPO: ACCESS POINT WI-FI 6 ;632687;null;;UNIDADE;UN;0;11;978,3;0;5,30211E+13;R K COMERCIO E SERVICOS LTDA;CONFORME PROPOSTA;926149;UNIVERSIDADE ESTADUAL DE ALAGOAS;2700300;ARAPIRACA;AL;94753;UNIVERSIDADE ESTADUAL DE ALAGOAS;E;E;18/12/2025;2026-01-23T02:27:44.092887;2026-01-23T03:19:10.068007;22/01/2026;2023-09-29T13:50;7050;EQUIPAMENTOS DE REDE DE TIC - LOCAL E REMOTA;
98109405900152025;10700087;SISPP;5;V;59;"EQUIPAMENTO WIRELESS, PADRÃO: IEEE 802.11ax (Wi-Fi 6) , TAXA TRANSMISSÃO: 574 Mbps - 1201 Mbps MBPS, FREQUÊNCIA: 2.4 GHz - 5 GHZ, APLICAÇÃO: CONTROLE DE REDE WI FI , CONEXÃO: RJ-45 c/PoE+ (802.3at) , CARACTERÍSTICAS ADICIONAIS: Dual-Band""";" Mínima de 1775 Mbps (AX1800)"""; Teto/ , TIPO: ACCESS POINT WI-FI 6 ;632687;null;;UNIDADE;UN;0;37;623;0;08694780000200;JULIANO VEZENTIN COMERCIAL LTDA;HUAWAI;981094;PREFEITURA MUNICIPAL SANTA CRUZ DO XINGU - MT;5107743;SANTA CRUZ DO XINGU;MT;97277;PREFEITURA MUNICIPAL SANTA CRUZ DO XINGU - MT;E;M;15/01/2026;2026-01-16T01:10:06.889151;2026-01-16T03:01:39.694250;15/01/2026;2024-04-07T15:14;7050;EQUIPAMENTOS DE REDE DE TIC - LOCAL E REMOTA;
93051505900042025;10644023;SISPP;5;V;4;"EQUIPAMENTO WIRELESS, PADRÃO: IEEE 802.11ax (Wi-Fi 6) , TAXA TRANSMISSÃO: 574 Mbps - 1201 Mbps MBPS, FREQUÊNCIA: 2.4 GHz - 5 GHZ, APLICAÇÃO: CONTROLE DE REDE WI FI , CONEXÃO: RJ-45 c/PoE+ (802.3at) , CARACTERÍSTICAS ADICIONAIS: Dual-Band""";" Mínima de 1775 Mbps (AX1800)"""; Teto/ , TIPO: ACCESS POINT WI-FI 6 ;632687;null;;UNIDADE;UN;0;2;720;0;1,66776E+13;ENOQUE INFORMATICA LTDA;TP-LINK;930515;ESP-FUNDAÇAO ONCOCENTRO DE SAO PAULO;3550308;SÃO PAULO;SP;95556;ESP-SECRETARIA DA SAUDE;E;E;07/01/2026;2026-01-08T01:10:10.234254;2026-01-08T03:03:11.440317;07/01/2026;2024-04-11T10:38;7050;EQUIPAMENTOS DE REDE DE TIC - LOCAL E REMOTA;
92639706000152025;10617611;SISPP;6;0;1;"EQUIPAMENTO WIRELESS, PADRÃO: IEEE 802.11ax (Wi-Fi 6) , TAXA TRANSMISSÃO: 574 Mbps - 1201 Mbps MBPS, FREQUÊNCIA: 2.4 GHz - 5 GHZ, APLICAÇÃO: CONTROLE DE REDE WI FI , CONEXÃO: RJ-45 c/PoE+ (802.3at) , CARACTERÍSTICAS ADICIONAIS: Dual-Band""";" Mínima de 1775 Mbps (AX1800)"""; Teto/ , TIPO: ACCESS POINT WI-FI 6 ;632687;null;;UNIDADE;UN;0;1;48.300,00;0;1,58134E+13;ESTRATEGIA IT LTDA;wifi;926397;AGÊN.BRAS.GEST.DE FUNDOS GARANTID.GARANT.S.A.;5300108;BRASÍLIA;DF;25000;MINISTERIO DA FAZENDA;E;F;30/12/2025;2026-01-01T02:16:55.151213;2026-01-01T03:16:07.313730;31/12/2025;2024-03-01T08:12;7050;EQUIPAMENTOS DE REDE DE TIC - LOCAL E REMOTA;
37307006000202025;10605230;SISPP;6;0;3;"EQUIPAMENTO WIRELESS, PADRÃO: IEEE 802.11ax (Wi-Fi 6) , TAXA TRANSMISSÃO: 574 Mbps - 1201 Mbps MBPS, FREQUÊNCIA: 2.4 GHz - 5 GHZ, APLICAÇÃO: CONTROLE DE REDE WI FI , CONEXÃO: RJ-45 c/PoE+ (802.3at) , CARACTERÍSTICAS ADICIONAIS: Dual-Band""";" Mínima de 1775 Mbps (AX1800)"""; Teto/ , TIPO: ACCESS POINT WI-FI 6 ;632687;null;;UNIDADE;UN;0;2;349;0;1,33732E+13;ADRIANO MURILLO SCHMIDT;Wi-Fi;373070;SUPERINT. REGIONAL EM SANTA CATARINA;4216602;SÃO JOSÉ;SC;22201;INSTIT. NAC. DE COLONIZACAO E REFORMA AGRARIA;E;F;28/12/2025;2025-12-30T02:18:00.239180;2025-12-30T03:26:39.780451;29/12/2025;2024-01-22T09:32;7050;EQUIPAMENTOS DE REDE DE TIC - LOCAL E REMOTA;
98343105900272025;10348976;SISRP;5;V;33;"EQUIPAMENTO WIRELESS, PADRÃO: IEEE 802.11ax (Wi-Fi 6) , TAXA TRANSMISSÃO: 574 Mbps - 1201 Mbps MBPS, FREQUÊNCIA: 2.4 GHz - 5 GHZ, APLICAÇÃO: CONTROLE DE REDE WI FI , CONEXÃO: RJ-45 c/PoE+ (802.3at) , CARACTERÍSTICAS ADICIONAIS: Dual-Band""";" Mínima de 1775 Mbps (AX1800)"""; Teto/ , TIPO: ACCESS POINT WI-FI 6 ;632687;null;;UNIDADE;UN;0;10;760;0;2,26804E+13;JOSE BORGES RAMOS;tplink;983431;PREFEITURA MUNICIPAL DE CANDIBA - BA;2906600;CANDIBA;BA;95010;PREFEITURA MUNICIPAL DE CANDIBA - BA;E;M;26/12/2025;2025-12-27T01:10:06.638842;2025-12-27T03:00:42.215628;26/12/2025;2024-04-14T15:14;7050;EQUIPAMENTOS DE REDE DE TIC - LOCAL E REMOTA;
98672705901442025;10416308;SISRP;5;V;3;"EQUIPAMENTO WIRELESS, PADRÃO: IEEE 802.11ax (Wi-Fi 6) , TAXA TRANSMISSÃO: 574 Mbps - 1201 Mbps MBPS, FREQUÊNCIA: 2.4 GHz - 5 GHZ, APLICAÇÃO: CONTROLE DE REDE WI FI , CONEXÃO: RJ-45 c/PoE+ (802.3at) , CARACTERÍSTICAS ADICIONAIS: Dual-Band""";" Mínima de 1775 Mbps (AX1800)"""; Teto/ , TIPO: ACCESS POINT WI-FI 6 ;632687;null;;UNIDADE;UN;0;12;508;0;4,43527E+13;GRUPO GBA COMERCIO ATACADISTA & SERVICOS LTDA;EAP225;986727;PREFEITURA MUNICIPAL DE MONTE ALTO - SP;3531308;MONTE ALTO;SP;95933;PREFEITURA MUNICIPAL DE MONTE ALTO - SP;E;M;09/12/2025;2025-12-10T01:10:11.359820;2025-12-10T03:05:09.451741;09/12/2025;2024-03-24T15:14;7050;EQUIPAMENTOS DE REDE DE TIC - LOCAL E REMOTA;
93061805900172025;10402215;SISPP;5;V;5;"EQUIPAMENTO WIRELESS, PADRÃO: IEEE 802.11ax (Wi-Fi 6) , TAXA TRANSMISSÃO: 574 Mbps - 1201 Mbps MBPS, FREQUÊNCIA: 2.4 GHz - 5 GHZ, APLICAÇÃO: CONTROLE DE REDE WI FI , CONEXÃO: RJ-45 c/PoE+ (802.3at) , CARACTERÍSTICAS ADICIONAIS: Dual-Band""";" Mínima de 1775 Mbps (AX1800)"""; Teto/ , TIPO: ACCESS POINT WI-FI 6 ;632687;null;;UNIDADE;UN;0;86;5.727,03;0;3,5343E+13;SECURITY DATA TECNOLOGIA DA INFORMACAO LTDA;SOPHOS;930618;EDF-MUTUA ASSISTENCIA DOS PROF. ENG.ARQ.AGR.;5300108;BRASÍLIA;DF;97452;EDF-MUTUA ASSISTENCIA DOS PROF. ENG.ARQ.AGR.;E;F;08/12/2025;2025-12-09T01:10:08.759046;2025-12-09T03:03:29.719150;08/12/2025;2025-07-23T16:35;7050;EQUIPAMENTOS DE REDE DE TIC - LOCAL E REMOTA;
93093806000142025;10230167;SISPP;6;0;1;"EQUIPAMENTO WIRELESS, PADRÃO: IEEE 802.11ax (Wi-Fi 6) , TAXA TRANSMISSÃO: 574 Mbps - 1201 Mbps MBPS, FREQUÊNCIA: 2.4 GHz - 5 GHZ, APLICAÇÃO: CONTROLE DE REDE WI FI , CONEXÃO: RJ-45 c/PoE+ (802.3at) , CARACTERÍSTICAS ADICIONAIS: Dual-Band""";" Mínima de 1775 Mbps (AX1800)"""; Teto/ , TIPO: ACCESS POINT WI-FI 6 ;632687;null;;UNIDADE;UN;0;2;409,39;0;4,32838E+13;KALUNGA SA;TPLINK;930938;AUTARQUIA PREV.DO MUN. DE TABOAO DA SERRA;3552809;TABOÃO DA SERRA;SP;99840;AUTARQUIA PREV.DO MUN. DE TABOAO DA SERRA;E;M;18/11/2025;2025-11-20T02:18:50.484213;2025-11-20T03:30:40.658357;19/11/2025;2024-10-13T11:09;7050;EQUIPAMENTOS DE REDE DE TIC - LOCAL E REMOTA;
98797105900532025;10224157;SISPP;5;V;59;"EQUIPAMENTO WIRELESS, PADRÃO: IEEE 802.11ax (Wi-Fi 6) , TAXA TRANSMISSÃO: 574 Mbps - 1201 Mbps MBPS, FREQUÊNCIA: 2.4 GHz - 5 GHZ, APLICAÇÃO: CONTROLE DE REDE WI FI , CONEXÃO: RJ-45 c/PoE+ (802.3at) , CARACTERÍSTICAS ADICIONAIS: Dual-Band""";" Mínima de 1775 Mbps (AX1800)"""; Teto/ , TIPO: ACCESS POINT WI-FI 6 ;632687;null;;UNIDADE;UN;0;2;3.662,00;0;1,80124E+13;A. CARNEVALI LTDA;UBIQUITI;987971;PREFEITURA MUNICIPAL DE SANTA HELENA - PR;4123501;SANTA HELENA;PR;98137;PREFEITURA DE SANTA HELENA - PR;E;M;19/11/2025;2025-11-20T01:10:11.279678;2025-11-20T03:04:33.334558;19/11/2025;2024-04-06T15:14;7050;EQUIPAMENTOS DE REDE DE TIC - LOCAL E REMOTA;
98797105900532025;10224156;SISPP;5;V;58;"EQUIPAMENTO WIRELESS, PADRÃO: IEEE 802.11ax (Wi-Fi 6) , TAXA TRANSMISSÃO: 574 Mbps - 1201 Mbps MBPS, FREQUÊNCIA: 2.4 GHz - 5 GHZ, APLICAÇÃO: CONTROLE DE REDE WI FI , CONEXÃO: RJ-45 c/PoE+ (802.3at) , CARACTERÍSTICAS ADICIONAIS: Dual-Band""";" Mínima de 1775 Mbps (AX1800)"""; Teto/ , TIPO: ACCESS POINT WI-FI 6 ;632687;null;;UNIDADE;UN;0;4;1.351,77;0;1,80124E+13;A. CARNEVALI LTDA;UBIQUITI;987971;PREFEITURA MUNICIPAL DE SANTA HELENA - PR;4123501;SANTA HELENA;PR;98137;PREFEITURA DE SANTA HELENA - PR;E;M;19/11/2025;2025-11-20T01:10:11.279678;2025-11-20T03:04:33.291280;19/11/2025;2024-04-06T15:14;7050;EQUIPAMENTOS DE REDE DE TIC - LOCAL E REMOTA;
92732006000332026;10196802;SISPP;6;0;1;"EQUIPAMENTO WIRELESS, PADRÃO: IEEE 802.11ax (Wi-Fi 6) , TAXA TRANSMISSÃO: 574 Mbps - 1201 Mbps MBPS, FREQUÊNCIA: 2.4 GHz - 5 GHZ, APLICAÇÃO: CONTROLE DE REDE WI FI , CONEXÃO: RJ-45 c/PoE+ (802.3at) , CARACTERÍSTICAS ADICIONAIS: Dual-Band""";" Mínima de 1775 Mbps (AX1800)"""; Teto/ , TIPO: ACCESS POINT WI-FI 6 ;632687;null;;UNIDADE;UN;0;4;3.359,00;0;4,40868E+13;MARCEL G RODRIGUES INFORMATICA;0;927320;CONSELHO REGIONAL DE CORRETORES DE IMÓVEIS-RJ;3304557;RIO DE JANEIRO;RJ;38903;CONSELHO REGIONAL DE CORRETORES DE IMÓVEIS-RJ;E;F;16/11/2025;2025-11-18T02:36:25.113327;2025-11-18T03:26:10.881413;17/11/2025;2023-04-12T17:45;7050;EQUIPAMENTOS DE REDE DE TIC - LOCAL E REMOTA;
74001405900122025;10773576;SISRP;5;V;10;FIREWALL, APLICAÇÃO: SEGURANÇA REDE COMPUTADORES , MODELO: FORTIGATE- 401E ;607833;null;;UNIDADE;UN;0;10;14.101,00;0;1,77653E+13;ITGX SISTEMAS LTDA;FG-60F;740014;CENTRO LOGISTICO DO MATERIAL DA MARINHA;3304557;RIO DE JANEIRO;RJ;52131;COMANDO DA MARINHA;E;F;30/01/2026;2026-02-13T01:10:07.135777;2026-02-13T03:01:19.569378;30/01/2026;2025-08-21T09:34;7050;EQUIPAMENTOS DE REDE DE TIC - LOCAL E REMOTA;;;
74001405900122025;10773578;SISRP;5;V;12;FIREWALL, APLICAÇÃO: SEGURANÇA REDE COMPUTADORES , MODELO: FORTIGATE- 401E ;607833;null;;UNIDADE;UN;0;10;125.614,00;0;1,77653E+13;ITGX SISTEMAS LTDA;FG-200G;740014;CENTRO LOGISTICO DO MATERIAL DA MARINHA;3304557;RIO DE JANEIRO;RJ;52131;COMANDO DA MARINHA;E;F;30/01/2026;2026-02-13T01:10:07.135777;2026-02-13T03:01:19.611521;30/01/2026;2025-08-21T09:34;7050;EQUIPAMENTOS DE REDE DE TIC - LOCAL E REMOTA;;;
74001405900122025;10773577;SISRP;5;V;11;FIREWALL, APLICAÇÃO: SEGURANÇA REDE COMPUTADORES , MODELO: FORTIGATE- 401E ;607833;null;;UNIDADE;UN;0;10;48.707,60;0;1,77653E+13;ITGX SISTEMAS LTDA;FG-90G;740014;CENTRO LOGISTICO DO MATERIAL DA MARINHA;3304557;RIO DE JANEIRO;RJ;52131;COMANDO DA MARINHA;E;F;30/01/2026;2026-02-13T01:10:07.135777;2026-02-13T03:01:19.594722;30/01/2026;2025-08-21T09:34;7050;EQUIPAMENTOS DE REDE DE TIC - LOCAL E REMOTA;;;
92618805900242025;10465039;SISPP;5;V;4;FIREWALL, APLICAÇÃO: SEGURANÇA REDE COMPUTADORES , MODELO: FORTIGATE- 401E ;607833;null;;UNIDADE;UN;0;60;1.050,00;0;05407609000284;ALTAS NETWORKS & TELECOM LTDA;FORTINET;926188;CONSELHO REGIONAL DE ENFERMAGEM - MG;3106200;BELO HORIZONTE;MG;38636;CONSELHO REGIONAL DE ENFERMAGEM/MG;E;F;12/12/2025;2025-12-13T01:10:11.990134;2025-12-13T03:06:23.725305;12/12/2025;2025-07-24T14:20;7050;EQUIPAMENTOS DE REDE DE TIC - LOCAL E REMOTA;;;
92618805900242025;10465036;SISPP;5;V;1;FIREWALL, APLICAÇÃO: SEGURANÇA REDE COMPUTADORES , MODELO: FORTIGATE- 401E ;607833;null;;UNIDADE;UN;0;10;9.710,00;0;05407609000284;ALTAS NETWORKS & TELECOM LTDA;FORTINET;926188;CONSELHO REGIONAL DE ENFERMAGEM - MG;3106200;BELO HORIZONTE;MG;38636;CONSELHO REGIONAL DE ENFERMAGEM/MG;E;F;12/12/2025;2025-12-13T01:10:11.990134;2025-12-13T03:06:23.633531;12/12/2025;2025-07-24T14:20;7050;EQUIPAMENTOS DE REDE DE TIC - LOCAL E REMOTA;;;
92618805900242025;10465038;SISPP;5;V;3;FIREWALL, APLICAÇÃO: SEGURANÇA REDE COMPUTADORES , MODELO: FORTIGATE- 401E ;607833;null;;UNIDADE;UN;0;1;13.164,00;0;05407609000284;ALTAS NETWORKS & TELECOM LTDA;FORTINET;926188;CONSELHO REGIONAL DE ENFERMAGEM - MG;3106200;BELO HORIZONTE;MG;38636;CONSELHO REGIONAL DE ENFERMAGEM/MG;E;F;12/12/2025;2025-12-13T01:10:11.990134;2025-12-13T03:06:23.691771;12/12/2025;2025-07-24T14:20;7050;EQUIPAMENTOS DE REDE DE TIC - LOCAL E REMOTA;;;
38946505900202025;10192659;SISPP;5;V;1;FIREWALL, APLICAÇÃO: SEGURANÇA REDE COMPUTADORES , MODELO: FORTIGATE- 401E ;607833;null;;UNIDADE;UN;0;1;169.000,00;0;2,43765E+13;APPROACH TECNOLOGIA LTDA;PALO ALTO;389465;CONSELHO REGIONAL DE MEDICINA - RS;4314902;PORTO ALEGRE;RS;38925;CONSELHO REGIONAL DE MEDICINA - RS;E;F;17/11/2025;2025-11-18T01:10:11.594267;2025-11-18T03:06:45.595833;17/11/2025;2023-03-29T14:53;7050;EQUIPAMENTOS DE REDE DE TIC - LOCAL E REMOTA;;;
38945205900022025;8781031;SISRP;5;V;12;FIREWALL, APLICAÇÃO: SEGURANÇA REDE COMPUTADORES , MODELO: FORTIGATE- 401E ;607833;null;;UNIDADE;UN;0;1;4.950,00;0;4,7173E+13;RENATO PALLADINO DE FREITAS 41131128869;RackmountIT RM-FR-T1;389452;CONSELHO REGIONAL DE FARMACIA - PE;2611606;RECIFE;PE;38701;CONSELHO REGIONAL DE FARMACIA/PE;E;F;01/10/2025;2025-10-02T01:10:08.390153;2025-10-02T03:00:11.129235;01/10/2025;2025-07-28T14:24;7050;EQUIPAMENTOS DE REDE DE TIC - LOCAL E REMOTA;;;
92898306000342025;9583726;SISPP;6;0;1;FIREWALL, APLICAÇÃO: SEGURANÇA REDE COMPUTADORES , MODELO: FORTIGATE- 401E ;607833;null;;UNIDADE;UN;0;1;7.697,31;0;2,35599E+13;PRIME NEGOCIOS INTELIGENTES LTDA;FORTIGATE;928983;CONSELHO REGIONAL DE EDUCACAO FISICA 20A - SE;2800308;ARACAJU;SE;38812;CONSELHO REGIONAL DE EDUCAÇAO FISICA 20-SE;E;F;23/09/2025;2025-09-25T02:17:47.435710;2025-09-25T03:30:27.251267;24/09/2025;2023-04-06T14:15;7050;EQUIPAMENTOS DE REDE DE TIC - LOCAL E REMOTA;;;
32500105900042025;8878837;SISPP;5;V;1;FIREWALL, APLICAÇÃO: SEGURANÇA REDE COMPUTADORES , MODELO: FORTIGATE- 401E ;607833;null;;UNIDADE;UN;0;1;1.100.000,00;0;03017428000135;NCT INFORMATICA LTDA;Fortinet;325001;EMPRESA DE PESQUISA ENERGÉTICA;3304557;RIO DE JANEIRO;RJ;32314;EMPRESA DE PESQUISA ENERGéTICA;E;F;21/07/2025;2025-07-22T01:10:17.343102;2025-07-22T03:05:58.100758;21/07/2025;2024-02-05T11:08;7050;EQUIPAMENTOS DE REDE DE TIC - LOCAL E REMOTA;;;
92516305900032025;8625687;SISPP;5;V;5;FIREWALL, APLICAÇÃO: SEGURANÇA REDE COMPUTADORES , MODELO: FORTIGATE- 401E ;607833;null;;UNIDADE;UN;0;1;6.000,00;0;2,85212E+13;C DO VALE LOPES;FIREWALL;925163;CONSELHO REGIONAL DE MEDICINA VETERINARIA-RS;4314902;PORTO ALEGRE;RS;38930;CONSELHO REGIONAL DE MEDICINA VETERINARIA/RS;E;F;25/06/2025;2025-06-26T01:10:15.305207;2025-06-26T03:05:05.008457;25/06/2025;2025-07-29T13:20;7050;EQUIPAMENTOS DE REDE DE TIC - LOCAL E REMOTA;;;
7000505900042025;8343452;SISPP;5;V;1;FIREWALL, APLICAÇÃO: SEGURANÇA REDE COMPUTADORES , MODELO: FORTIGATE- 401E ;607833;null;;UNIDADE;UN;0;2;242.000,00;0;3,19077E+13;FONMART TECNOLOGIA LTDA;FORTINET;070005;TRIBUNAL REGIONAL ELEITORAL DO MARANHAO;2111300;SÃO LUÍS;MA;14000;JUSTICA ELEITORAL;L;F;27/05/2025;2025-05-28T01:10:11.629440;2025-05-28T03:01:21.620666;27/05/2025;2010-07-07T18:30;7050;EQUIPAMENTOS DE REDE DE TIC - LOCAL E REMOTA;;;
7000505900042025;8343453;SISPP;5;V;2;FIREWALL, APLICAÇÃO: SEGURANÇA REDE COMPUTADORES , MODELO: FORTIGATE- 401E ;607833;null;;UNIDADE;UN;0;1;67.000,00;0;3,19077E+13;FONMART TECNOLOGIA LTDA;FORTINET;070005;TRIBUNAL REGIONAL ELEITORAL DO MARANHAO;2111300;SÃO LUÍS;MA;14000;JUSTICA ELEITORAL;L;F;27/05/2025;2025-05-28T01:10:11.629440;2025-05-28T03:01:21.648487;27/05/2025;2010-07-07T18:30;7050;EQUIPAMENTOS DE REDE DE TIC - LOCAL E REMOTA;;;
92748705900122025;8261185;SISRP;5;V;6;FIREWALL, APLICAÇÃO: SEGURANÇA REDE COMPUTADORES , MODELO: FORTIGATE- 401E ;607833;null;;UNIDADE;UN;0;2;2.900,00;0;1,41637E+13;STREMATEC SOLUCOES E TECNOLOGIA LTDA;FortiGate-60F Unifie;927487;CONSELHO REG. DOS TECNICOS INDUSTRIAIS 4ª-SC;4205407;FLORIANÓPOLIS;SC;38895;CONSELHO REG. DOS TÉC. INDUSTRIAIS 4ª REGIÃO;E;F;19/05/2025;2025-05-20T01:10:14.846966;2025-05-20T03:05:44.145275;19/05/2025;2025-07-29T10:05;7050;EQUIPAMENTOS DE REDE DE TIC - LOCAL E REMOTA;;;
92748705900122025;8261186;SISRP;5;V;7;FIREWALL, APLICAÇÃO: SEGURANÇA REDE COMPUTADORES , MODELO: FORTIGATE- 401E ;607833;null;;UNIDADE;UN;0;6;2.400,00;0;1,41637E+13;STREMATEC SOLUCOES E TECNOLOGIA LTDA;FortiGate-40F Unifie;927487;CONSELHO REG. DOS TECNICOS INDUSTRIAIS 4ª-SC;4205407;FLORIANÓPOLIS;SC;38895;CONSELHO REG. DOS TÉC. INDUSTRIAIS 4ª REGIÃO;E;F;19/05/2025;2025-05-20T01:10:14.846966;2025-05-20T03:05:44.196920;19/05/2025;2025-07-29T10:05;7050;EQUIPAMENTOS DE REDE DE TIC - LOCAL E REMOTA;;;
38913605900012025;8156745;SISPP;5;V;1;FIREWALL, APLICAÇÃO: SEGURANÇA REDE COMPUTADORES , MODELO: FORTIGATE- 401E ;607833;null;;UNIDADE;UN;0;1;46.500,00;0;08208805000137;JRV SERVICOS LTDA;FORTINET;389136;CONSELHO REGIONAL DE ADMINISTRACAO DA BAHIA;2927408;SALVADOR;BA;38587;CONSELHO REGIONAL DE ADMINISTRAÇÃO DA BAHIA;E;F;07/05/2025;2025-05-08T01:10:15.294231;2025-05-08T03:06:31.772434;07/05/2025;2025-07-25T17:08;7050;EQUIPAMENTOS DE REDE DE TIC - LOCAL E REMOTA;;;
92645406000242025;8111546;SISPP;6; ;5;FIREWALL, APLICAÇÃO: SEGURANÇA REDE COMPUTADORES , MODELO: FORTIGATE- 401E ;607833;null;;UNIDADE;UN;0;2;11.585,00;0;5,43153E+13;PIAUI LINK S/A;Própria;926454;TRIBUNAL DE JUSTIÇA DO ESTADO DO PIAUI;2211001;TERESINA;PI;94225;TRIBUNAL DE JUSTICA DO PIAUI;E;E;29/04/2025;2025-05-01T02:15:18.708340;2025-05-01T03:20:57.432865;30/04/2025;2022-12-17T17:09;7050;EQUIPAMENTOS DE REDE DE TIC - LOCAL E REMOTA;;;
92748706900082025;7770796;SISPP;6;1;1;FIREWALL, APLICAÇÃO: SEGURANÇA REDE COMPUTADORES , MODELO: FORTIGATE- 401E ;607833;null;;UNIDADE;UN;0;1;5.199,90;0;4,93161E+13;L P SOLUCOES INTEGRADAS LTDA;Conforme Proposta Co;927487;CONSELHO REG. DOS TECNICOS INDUSTRIAIS 4ª-SC;4205407;FLORIANÓPOLIS;SC;38895;CONSELHO REG. DOS TÉC. INDUSTRIAIS 4ª REGIÃO;E;F;25/03/2025;2025-03-26T01:00:07.198041;2025-03-26T02:30:22.770025;25/03/2025;2025-07-29T10:05;7050;EQUIPAMENTOS DE REDE DE TIC - LOCAL E REMOTA;;;
92554305900252024;7222959;SISRP;5;V;2;FIREWALL, APLICAÇÃO: SEGURANÇA REDE COMPUTADORES , MODELO: FORTIGATE- 401E ;607833;null;;UNIDADE;UN;0;6;92.000,00;0;05250796000154;NETWORK SECURE SEGURANCA DA INFORMACAO LTDA;FG-100F /FC-10-F100F;925543;FUNDAÇÃO UNIVERSIDADE DO ESTADO DO RN;2408003;MOSSORÓ;RN;94462;FUNDAÇÃO UNIVERSIDADE DO ESTADO DO RN;E;E;10/01/2025;2026-01-11T03:30:00.007373;2026-01-11T04:00:00.005846;10/01/2025;2024-04-06T15:14;7050;EQUIPAMENTOS DE REDE DE TIC - LOCAL E REMOTA;;;
92554305900252024;7222958;SISRP;5;V;1;FIREWALL, APLICAÇÃO: SEGURANÇA REDE COMPUTADORES , MODELO: FORTIGATE- 401E ;607833;null;;UNIDADE;UN;0;2;205.000,00;0;05250796000154;NETWORK SECURE SEGURANCA DA INFORMACAO LTDA;FG-200F/FC-10-F200F-;925543;FUNDAÇÃO UNIVERSIDADE DO ESTADO DO RN;2408003;MOSSORÓ;RN;94462;FUNDAÇÃO UNIVERSIDADE DO ESTADO DO RN;E;E;10/01/2025;2026-01-11T03:30:00.007373;2026-01-11T04:00:00.005846;10/01/2025;2024-04-06T15:14;7050;EQUIPAMENTOS DE REDE DE TIC - LOCAL E REMOTA;;;
9001005900242024;7056148;SISRP;5;V;2;FIREWALL, APLICAÇÃO: SEGURANÇA REDE COMPUTADORES , MODELO: FORTIGATE- 401E ;607833;null;;UNIDADE;UN;0;6;13.930,00;0;7,00643E+13;ARPSIST SERVICOS DE ENGENHARIA LTDA;FG-40F-3G4G;090010;JUSTICA FEDERAL DE 1A. INSTANCIA - AL;2704302;MACEIÓ;AL;12000;JUSTICA FEDERAL;L;F;18/12/2024;2025-12-19T03:30:00.003811;2025-12-19T04:00:00.003367;18/12/2024;2025-06-10T18:20;7050;EQUIPAMENTOS DE REDE DE TIC - LOCAL E REMOTA;;;
9001005900242024;7056147;SISRP;5;V;1;FIREWALL, APLICAÇÃO: SEGURANÇA REDE COMPUTADORES , MODELO: FORTIGATE- 401E ;607833;null;;UNIDADE;UN;0;4;29.199,00;0;7,00643E+13;ARPSIST SERVICOS DE ENGENHARIA LTDA;FG-81F;090010;JUSTICA FEDERAL DE 1A. INSTANCIA - AL;2704302;MACEIÓ;AL;12000;JUSTICA FEDERAL;L;F;18/12/2024;2025-12-19T03:30:00.003811;2025-12-19T04:00:00.003367;18/12/2024;2025-06-10T18:20;7050;EQUIPAMENTOS DE REDE DE TIC - LOCAL E REMOTA;;;
92963005900122024;6943814;SISPP;5;V;2;FIREWALL, APLICAÇÃO: SEGURANÇA REDE COMPUTADORES , MODELO: FORTIGATE- 401E ;607833;null;;UNIDADE;UN;0;1;20.700,00;0;2,45758E+13;IDEA TECNOLOGIA LTDA;FORTINET;929630;MMG-CÂMARA MUNICIPAL DE DIVINÓPOLIS;3122306;DIVINÓPOLIS;MG;85277;MMG-CÂMARA MUNICIPAL DE DIVINÓPOLIS;E;M;12/12/2024;2025-12-13T03:30:00.003103;2025-12-13T04:00:00.002486;12/12/2024;2026-01-27T17:18;7050;EQUIPAMENTOS DE REDE DE TIC - LOCAL E REMOTA;;;
93022205900232024;6790817;SISRP;5;V;1;FIREWALL, APLICAÇÃO: SEGURANÇA REDE COMPUTADORES , MODELO: FORTIGATE- 401E ;607833;null;;UNIDADE;UN;0;2;57.000,00;0;2,33789E+13;IT PROTECT SERVICOS DE CONSULTORIA EM INFORMATICA LTDA;FG-200F;930222;SERVIÇO NACIONAL DE APRENDIZAGEM COMERCIAL-AP;1600303;MACAPÁ;AP;39152;SERVIÇO NACIONAL DE APRENDIZAGEM COMERCIAL-AP;E;F;02/12/2024;2025-12-03T03:30:00.004813;2025-12-03T04:00:00.003328;02/12/2024;2024-10-09T09:15;7050;EQUIPAMENTOS DE REDE DE TIC - LOCAL E REMOTA;;;
39270105900082024;6393495;SISPP;5;V;1;FIREWALL, APLICAÇÃO: SEGURANÇA REDE COMPUTADORES , MODELO: FORTIGATE- 401E ;607833;null;;UNIDADE;UN;0;1;1.175.000,00;0;05816526000168;ZIVASEC TECNOLOGIA E SOLUCOES LTDA;FORTINET;392701;ESP-AG. REGUL. SERV. PUB. DO ESTADO DE SP;3550308;SÃO PAULO;SP;95508;ESP-AG. REG. SERV. PUB. DO ESTADO DE SP.;E;E;22/10/2024;2025-10-23T03:30:00.009297;2025-10-23T04:00:00.016403;22/10/2024;2024-03-23T14:46;7050;EQUIPAMENTOS DE REDE DE TIC - LOCAL E REMOTA;;;
7001105900392024;5994839;SISPP;5;V;1;FIREWALL, APLICAÇÃO: SEGURANÇA REDE COMPUTADORES , MODELO: FORTIGATE- 401E ;607833;null;;UNIDADE;UN;0;1;146.686,00;0;3,39278E+13;TLD HUB DE CIBERSEGURANCA & CONECTIVIDADE LTDA;Fortinet;070011;TRIBUNAL REGIONAL ELEITORAL DE ALAGOAS;2704302;MACEIÓ;AL;14000;JUSTICA ELEITORAL;L;F;01/10/2024;2025-10-02T03:39:02.880035;2025-10-02T04:00:00.003105;01/10/2024;2010-07-07T18:30;7050;EQUIPAMENTOS DE REDE DE TIC - LOCAL E REMOTA;;;
38945206900082024;5022473;SISPP;6;1;3;FIREWALL, APLICAÇÃO: SEGURANÇA REDE COMPUTADORES , MODELO: FORTIGATE- 401E ;607833;null;;UNIDADE;UN;0;1;4.899,99;0;4,91254E+13;RFM GONCALVES LICITACOES PUBLICAS LTDA;CONFORME TR;389452;CONSELHO REGIONAL DE FARMACIA - PE;2611606;RECIFE;PE;38701;CONSELHO REGIONAL DE FARMACIA/PE;E;F;17/05/2024;2025-05-18T03:29:59.997947;2025-05-18T03:59:59.995455;17/05/2024;2025-07-28T14:24;7050;EQUIPAMENTOS DE REDE DE TIC - LOCAL E REMOTA;;;
38913606000082023;4072486;SISPP;6;1;1;FIREWALL, APLICAÇÃO: SEGURANÇA REDE COMPUTADORES , MODELO: FORTIGATE- 401E ;607833;null;;UNIDADE;UN;0;1;45.500,00;0;08208805000137;JRV SERVICOS LTDA;FORTINET;389136;CONSELHO REGIONAL DE ADMINISTRACAO DA BAHIA;2927408;SALVADOR;BA;38587;CONSELHO REGIONAL DE ADMINISTRAÇÃO DA BAHIA;E;F;30/11/2023;2024-12-01T03:29:59.067995;2024-12-01T03:59:59.073247;30/11/2023;2025-07-25T17:08;7050;EQUIPAMENTOS DE REDE DE TIC - LOCAL E REMOTA;;;
20034606000352023;3924855;SISPP;6;1;4;FIREWALL, APLICAÇÃO: SEGURANÇA REDE COMPUTADORES , MODELO: FORTIGATE- 401E ;607833;null;;UNIDADE;UN;0;1;4.720,00;0;5,05596E+13;VIVA A MAIS LTDA;FORTINET;200346;SUPERINTENDENCIA REG.DA POLICIA FEDERAL NA BA;2927408;SALVADOR;BA;30108;DEPARTAMENTO DE POLICIA FEDERAL;E;F;09/11/2023;2024-11-10T03:29:58.972300;2024-11-10T03:59:58.971529;09/11/2023;2024-07-01T09:08;7050;EQUIPAMENTOS DE REDE DE TIC - LOCAL E REMOTA;;;
92639505000062023;3718944;SISRP;5;V;21;FIREWALL, APLICAÇÃO: SEGURANÇA REDE COMPUTADORES , MODELO: FORTIGATE- 401E ;607833;null;;UNIDADE;UN;0;2;5.496,85;0;4,42275E+13;LEILA ALVES CORDEIRO LUSA;FORTINET;926395;CONSELHO REG.DE FIS. E TERAPIA OCUPACIONAL-MT;5103403;CUIABÁ;MT;38820;CONSELHO REG.DE FIS. E TERAPIA OCUPACIONAL-MT;E;F;06/10/2023;2024-10-07T03:29:59.913017;2024-10-07T03:59:59.897829;06/10/2023;2024-03-01T08:12;7050;EQUIPAMENTOS DE REDE DE TIC - LOCAL E REMOTA;;;
16007005000032023;3614475;SISPP;5;V;1;FIREWALL, APLICAÇÃO: SEGURANÇA REDE COMPUTADORES , MODELO: FORTIGATE- 401E ;607833;null;;UNIDADE;UN;0;1;62.000,00;0;02558157000162;TELEFONICA BRASIL S.A.;FORTINET;160070;DEPARTAMENTO GERAL DE PESSOAL-MEX/DF;5300108;BRASÍLIA;DF;52121;COMANDO DO EXERCITO;E;F;21/09/2023;2024-09-22T03:29:59.879809;2024-09-22T03:59:59.863145;21/09/2023;2025-08-22T11:02;7050;EQUIPAMENTOS DE REDE DE TIC - LOCAL E REMOTA;;;
92982005000652023;3601267;SISPP;5;V;8;FIREWALL, APLICAÇÃO: SEGURANÇA REDE COMPUTADORES , MODELO: FORTIGATE- 401E ;607833;null;;UNIDADE;UN;0;2;87.000,00;0;2,09983E+13;CRP COMERCIO DE EQUIPAMENTOS E SUPRIMENTOS DE INFORMATICA LTDA;SONICWALL;929820;SECRETARIA MUNICIPAL DE PLANEJAMENTO MARABÁ;1504208;MARABÁ;PA;99657;SECRETARIA MUNICIPAL DE PLANEJAMENTO MARABÁ;E;M;20/09/2023;2024-09-21T03:29:58.973165;2024-09-21T03:59:58.958067;20/09/2023;2024-10-06T11:09;7050;EQUIPAMENTOS DE REDE DE TIC - LOCAL E REMOTA;;;
38933605000192022;3347163;SISPP;5;V;1;FIREWALL, APLICAÇÃO: SEGURANÇA REDE COMPUTADORES , MODELO: FORTIGATE- 401E ;607833;null;;UNIDADE;UN;0;1;229.500,00;0;1,10646E+13;TM SUL LTDA.;FORTINET;389336;CONSELHO REGIONAL DE ENFERMAGEM - PR;4106902;CURITIBA;PR;38612;CONSELHO REGIONAL DE ENFERMAGEM/PR;E;F;10/08/2023;2024-08-11T03:29:59.156356;2024-08-11T03:59:59.142452;10/08/2023;2025-07-24T13:31;7050;EQUIPAMENTOS DE REDE DE TIC - LOCAL E REMOTA;;;
